,group,selectUtilLoss,orderUtilLoss,maxRankDrop,ndcgLoss,expGain
0,2,0.0,0.0,0,0.0,0.028288338406051373
1,3,0.0,0.0,0,0.0,0.014858960302617467
2,1,0.0,0.0,0,0.0,0.001098823426737559
3,0,0.0,0.0,0,0.0,-5.982908025418834e-05
