,group,selectUtilLoss,orderUtilLoss,maxRankDrop,ndcgLoss,expGain
0,3,0.0065789473684207955,0.0,0,0.0,0.02378103637019988
1,0,0.0065789473684207955,0.0,0,0.0,0.010356836344651451
2,2,0.0065789473684207955,0.0,0,0.0,0.0005450865518407319
3,1,0.0,0.0,0,0.0,-0.00037440767972283986
