,group,selectUtilLoss,orderUtilLoss,maxRankDrop,ndcgLoss,expGain
2,0,2.0,2.0,100,0.0025845568604052627,-11.118172116764962
1,1,2.0,2.0,15,0.0025845568604052627,3.871123535324392
3,2,1.0,1.0,0,0.0025845568604052627,2.8040487594228583
0,3,0.0,0.0,0,0.0025845568604052627,4.442999822017703
