,group,selectUtilLoss,orderUtilLoss,maxRankDrop,ndcgLoss,expGain
0,3,1.0,0.0,0,0.02083333333333337,8.738666994110723
1,2,1.0,0.0,0,0.02083333333333337,8.181312328725227
2,0,1.0,0.0,0,0.02083333333333337,-18.0036138159997
3,1,1.0,0.0,0,0.02083333333333337,1.0836344931637445
