,group,selectUtilLoss,orderUtilLoss,maxRankDrop,ndcgLoss,expGain
0,3,0.0,0.0,0,0.0,1.52320755039195
1,2,1.0,1.0,-112,0.0,1.3693048566437729
2,0,4.0,4.0,146,0.0,1.078818692076215
3,1,4.0,4.0,-30,0.0,1.0176397806077824
