,group,selectUtilLoss,orderUtilLoss,maxRankDrop,ndcgLoss,expGain
0,3,1.0,0.0,0,0.02083333333333337,3.911411584361324
1,1,1.0,0.0,0,0.02083333333333337,6.974232710341999
2,2,1.0,0.0,0,0.02083333333333337,2.910113759916681
3,0,1.0,0.0,0,0.02083333333333337,-13.795758054620006
