,group,selectUtilLoss,orderUtilLoss,maxRankDrop,ndcgLoss,expGain
0,3,1.0,0.0,0,0.0,1.52320755039195
1,2,2.0,0.0,0,0.0,1.3693048566437729
2,0,2.0,0.0,0,0.0,1.078818692076215
3,1,2.0,0.0,0,0.0,1.0176397806077824
