,group,selectUtilLoss,orderUtilLoss,maxRankDrop,ndcgLoss,kendallTauLoss,expGain
1,0,1.0,1.0,30,0.0008254006301668948,,-2.2122060457683084
2,1,1.0,1.0,15,0.0008254006301668948,,-0.654686963878822
0,2,0.0,1.0,0,0.0008254006301668948,,1.2466947666697794
3,3,0.0,0.0,0,0.0008254006301668948,,1.6201982429773485
