,group,selectUtilLoss,orderUtilLoss,maxRankDrop,ndcgLoss,kendallTauLoss,expGain
1,0,1.0,1.0,122,0.0017031710343081707,,-10.836825171049691
2,1,0.0,1.0,26,0.0017031710343081707,,4.2941864573614215
0,2,0.0,1.0,0,0.0017031710343081707,,1.6513798493749676
3,3,0.0,0.0,0,0.0017031710343081707,,4.891258864313302
