,group,selectUtilLoss,orderUtilLoss,maxRankDrop,ndcgLoss,expGain
0,3,1.0,0.0,0,0.021775202695923146,0.028772716355221384
1,2,2.0,0.0,0,0.021775202695923146,0.1469183060193905
2,0,2.0,0.0,0,0.021775202695923146,-0.0720431708873448
3,1,2.0,0.0,0,0.021775202695923146,-0.058233070287489475
