,group,selectUtilLoss,orderUtilLoss,maxRankDrop,ndcgLoss,kendallTauLoss,expGain
2,0,2.0,2.0,149,0.004909417728176102,,-14.631226783431092
1,1,1.0,1.0,26,0.004909417728176102,,4.2941864573614215
3,2,0.0,1.0,0,0.004909417728176102,,3.881688447399587
0,3,0.0,0.0,0,0.004909417728176102,,6.455351878670082
