,group,selectUtilLoss,orderUtilLoss,maxRankDrop,ndcgLoss,expGain
0,3,0.0,0.0,0,0.0,3.911411584361324
1,1,0.0,0.0,0,0.0,6.974232710341999
2,2,0.0,0.0,0,0.0,2.910113759916681
3,0,0.0,0.0,0,0.0,-13.795758054620006
