,group,selectUtilLoss,orderUtilLoss,maxRankDrop,ndcgLoss,expGain
0,3,0.0,0.0,0,0.003166351527645883,0.29641877874762645
1,1,1.0,2.0,-84,0.003166351527645883,0.02212466663287893
2,2,1.0,1.0,-94,0.003166351527645883,0.10447253579892679
3,0,2.0,2.0,91,0.003166351527645883,-0.15120700925181518
