,group,selectUtilLoss,orderUtilLoss,maxRankDrop,ndcgLoss,expGain
2,0,0.0,0.0,113,0.0,-9.535945895775255
1,1,0.0,0.0,17,0.0,4.989571653418162
3,2,0.0,0.0,0,0.0,2.182375979637784
0,3,0.0,0.0,0,0.0,2.3639982627193126
