,group,selectUtilLoss,orderUtilLoss,maxRankDrop,ndcgLoss,expGain
0,3,0.0,0.0,0,0.015723888246910622,0.028772716355221384
1,2,1.0,1.0,-112,0.015723888246910622,0.1469183060193905
2,0,4.0,4.0,146,0.015723888246910622,-0.0720431708873448
3,1,4.0,4.0,-30,0.015723888246910622,-0.058233070287489475
