,group,selectUtilLoss,orderUtilLoss,maxRankDrop,ndcgLoss,expGain
0,3,1.0,0.0,0,0.021775202695923146,3.911411584361324
1,1,2.0,0.0,0,0.021775202695923146,6.974232710341999
2,2,2.0,0.0,0,0.021775202695923146,2.910113759916681
3,0,2.0,0.0,0,0.021775202695923146,-13.795758054620006
