,group,selectUtilLoss,orderUtilLoss,maxRankDrop,ndcgLoss,expGain
0,3,1.0,0.0,0,0.021775202695923146,8.738666994110723
1,2,2.0,0.0,0,0.021775202695923146,8.181312328725227
2,0,2.0,0.0,0,0.021775202695923146,-18.0036138159997
3,1,2.0,0.0,0,0.021775202695923146,1.0836344931637445
