,group,selectUtilLoss,orderUtilLoss,maxRankDrop,ndcgLoss,expGain
0,3,1.0,0.0,0,0.0,0.04972660572448548
1,1,1.0,0.0,0,0.0,0.009124387085058569
2,2,1.0,0.0,0,0.0,9.863446859382444e-07
3,0,1.0,0.0,0,0.0,-0.00014152692670542813
