,group,selectUtilLoss,orderUtilLoss,maxRankDrop,ndcgLoss,kendallTauLoss,expGain
2,0,4.0,4.0,150,0.015008137982582603,,-16.10848563764717
3,1,4.0,4.0,23,0.015008137982582603,,-0.513157291432405
0,2,1.0,1.0,0,0.015008137982582603,,8.181352129297736
1,3,0.0,0.0,0,0.015008137982582603,,8.44029079978184
