,group,selectUtilLoss,orderUtilLoss,maxRankDrop,ndcgLoss,expGain
0,3,0.0,0.0,0,0.0017031710343081707,8.738666994110723
1,2,0.0,0.0,0,0.0017031710343081707,8.181312328725227
2,0,1.0,0.0,0,0.0017031710343081707,-18.0036138159997
3,1,0.0,0.0,0,0.0017031710343081707,1.0836344931637445
