,group,selectUtilLoss,orderUtilLoss,maxRankDrop,ndcgLoss,expGain
2,0,4.0,4.0,145,0.015716483173286222,-15.760119037561658
3,1,4.0,4.0,28,0.015716483173286222,-1.475447074579435
1,2,1.0,1.0,0,0.015716483173286222,8.408428982878824
0,3,0.0,0.0,0,0.015716483173286222,8.827137129262267
