,group,selectUtilLoss,orderUtilLoss,maxRankDrop,ndcgLoss,expGain
0,3,1.0,0.0,0,0.02083333333333337,0.29641877874762645
1,1,1.0,0.0,0,0.02083333333333337,0.02212466663287893
2,2,1.0,0.0,0,0.02083333333333337,0.10447253579892679
3,0,1.0,0.0,0,0.02083333333333337,-0.15120700925181518
