,group,selectUtilLoss,orderUtilLoss,maxRankDrop,ndcgLoss,expGain
0,3,0.0,0.0,0,0.0017031710343081707,3.911411584361324
1,1,0.0,0.0,0,0.0017031710343081707,6.974232710341999
2,2,0.0,0.0,0,0.0017031710343081707,2.910113759916681
3,0,1.0,0.0,0,0.0017031710343081707,-13.795758054620006
