,group,selectUtilLoss,orderUtilLoss,maxRankDrop,ndcgLoss,expGain
0,3,0.0,0.0,0,0.015723888246910622,8.738666994110723
1,2,1.0,1.0,-112,0.015723888246910622,8.181312328725227
2,0,4.0,4.0,146,0.015723888246910622,-18.0036138159997
3,1,4.0,4.0,-30,0.015723888246910622,1.0836344931637445
