,group,selectUtilLoss,orderUtilLoss,maxRankDrop,ndcgLoss,expGain
0,3,0.0,0.0,0,0.003166351527645883,3.911411584361324
1,1,1.0,2.0,-84,0.003166351527645883,6.974232710341999
2,2,1.0,1.0,-94,0.003166351527645883,2.910113759916681
3,0,2.0,2.0,91,0.003166351527645883,-13.795758054620006
