,group,selectUtilLoss,orderUtilLoss,maxRankDrop,ndcgLoss,expGain
0,3,0.0,0.0,0,0.0,8.738666994110723
1,2,0.0,0.0,0,0.0,8.181312328725227
2,0,0.0,0.0,0,0.0,-18.0036138159997
3,1,0.0,0.0,0,0.0,1.0836344931637445
