,group,selectUtilLoss,orderUtilLoss,maxRankDrop,ndcgLoss,expGain
0,3,1.0,0.0,0,0.0,2.1165980216346085
1,1,2.0,0.0,0,0.0,1.1957986332093968
2,2,2.0,0.0,0,0.0,1.2751995469364652
3,0,2.0,0.0,0,0.0,0.9033067980002285
