,group,selectUtilLoss,orderUtilLoss,maxRankDrop,ndcgLoss,kendallTauLoss,expGain
1,0,2.0,2.0,116,0.0034070036607516396,,-13.206388841421074
2,1,1.0,2.0,10,0.0034070036607516396,,5.710415552641836
0,2,1.0,1.0,0,0.0034070036607516396,,3.7435125295256046
3,3,0.0,0.0,0,0.0034070036607516396,,3.7524607592536325
