,group,selectUtilLoss,orderUtilLoss,maxRankDrop,ndcgLoss,kendallTauLoss,expGain
0,0,2.0,2.0,123,0.004853337771926314,0.8965000338445656,-11.219141786801838
1,1,1.0,2.0,13,0.004853337771926314,0.8965000338445656,3.42169999960311
3,2,0.0,1.0,0,0.004853337771926314,0.8965000338445656,3.703029920006353
2,3,0.0,0.0,0,0.004853337771926314,0.8965000338445656,4.094411867192365
