,group,selectUtilLoss,orderUtilLoss,maxRankDrop,ndcgLoss,kendallTauLoss,expGain
1,0,1.0,1.0,122,0.0008774697332204484,1.0271825358861932,-5.17607239874155
3,1,0.0,1.0,26,0.0008774697332204484,1.0271825358861932,-0.7389938118064912
2,2,0.0,1.0,0,0.0008774697332204484,1.0271825358861932,1.2799845769835483
0,3,0.0,0.0,0,0.0008774697332204484,1.0271825358861932,4.635081633564482
