,group,selectUtilLoss,orderUtilLoss,maxRankDrop,ndcgLoss,kendallTauLoss,expGain
1,0,4.0,4.0,216,0.02113991136474558,0.8927364874788322,-20.620395775572202
3,1,3.0,4.0,18,0.02113991136474558,0.8927364874788322,-1.8520582638251124
2,2,0.0,1.0,0,0.02113991136474558,0.8927364874788322,10.325084804657589
0,3,0.0,0.0,0,0.02113991136474558,0.8927364874788322,12.147369234739719
