,group,selectUtilLoss,orderUtilLoss,maxRankDrop,ndcgLoss,expGain
0,0,2.0,2.0,123,0.004853337771926314,-11.219141786801838
1,1,1.0,2.0,13,0.004853337771926314,3.42169999960311
3,2,0.0,1.0,0,0.004853337771926314,3.703029920006353
2,3,0.0,0.0,0,0.004853337771926314,4.094411867192365
