,group,selectUtilLoss,orderUtilLoss,maxRankDrop,ndcgLoss,kendallTau,expGain
3,0,2.0,2.0,75,0.0027902591875372806,0.23159965903687846,-5.448133051667849
2,1,1.0,2.0,12,0.0027902591875372806,0.23159965903687846,-0.16423982203326304
0,2,0.0,1.0,0,0.0027902591875372806,0.23159965903687846,3.364059611327961
1,3,0.0,0.0,0,0.0027902591875372806,0.23159965903687846,2.248313262373138
