,group,selectUtilLoss_mean,selectUtilLoss_std,orderUtilLoss_mean,orderUtilLoss_std,maxRankDrop_mean,maxRankDrop_std,ndcgLoss_mean,ndcgLoss_std,kendallTau_mean,kendallTau_std,expGain_mean,expGain_std
0,0,4.2118,0.40909350489781054,4.1744,0.3799987893506909,180.7204,10.500240442243905,0.021143584154000153,0.002149148706784202,0.05780251269570823,0.06643758418612504,-16.272780255447135,1.3085179586130689
1,1,4.2106,0.41117459363954556,4.1721,0.37775105504281337,69.7643,16.687659911123877,0.021143584154000153,0.002149148706784202,0.05780251269570823,0.06643758418612504,-5.026972438420575,1.306775609579738
2,2,0.2527,0.4811089861826097,1.4256,0.5369296689017423,0.0,0.0,0.021143584154000153,0.002149148706784202,0.05780251269570823,0.06643758418612504,10.60878116839272,1.2998946225392805
3,3,0.0155,0.12353653762192288,0.3462,0.47704121083160433,0.0,0.0,0.021143584154000153,0.002149148706784202,0.05780251269570823,0.06643758418612504,10.690971525474975,1.2973128575606745
