,group,selectUtilLoss,orderUtilLoss,maxRankDrop,ndcgLoss,kendallTau,expGain
3,0,2.0,2.0,136,0.005342896739689129,0.09168392669280853,-13.583216631248959
2,1,1.0,2.0,13,0.005342896739689129,0.09168392669280853,3.999009456733372
0,2,0.0,1.0,0,0.005342896739689129,0.09168392669280853,4.696100365223175
1,3,0.0,0.0,0,0.005342896739689129,0.09168392669280853,4.8881068092924025
