,group,selectUtilLoss,orderUtilLoss,maxRankDrop,ndcgLoss,expGain
1,0,4.0,4.0,216,0.02113991136474558,-20.620395775572202
3,1,3.0,4.0,18,0.02113991136474558,-1.8520582638251124
2,2,0.0,1.0,0,0.02113991136474558,10.325084804657589
0,3,0.0,0.0,0,0.02113991136474558,12.147369234739719
