,group,selectUtilLoss_mean,selectUtilLoss_std,orderUtilLoss_mean,orderUtilLoss_std,maxRankDrop_mean,maxRankDrop_std,ndcgLoss_mean,ndcgLoss_std,kendallTau_mean,kendallTau_std,expGain_mean,expGain_std
0,0,2.0447,0.4031354137460285,2.0334,0.4018713600880335,64.2225,15.314184476315331,0.0023100163369982074,0.0006689581036430564,0.13937934193233825,0.09938202584247284,-4.8885482686889485,1.507879327152644
1,1,1.2271,0.5885237684432144,1.889,0.48259951329132417,16.1205,11.019252340436452,0.0023100163369982074,0.0006689581036430564,0.13937934193233825,0.09938202584247284,-0.25046781686760455,1.4382259301314542
2,2,0.5147,0.5976785356386795,0.8227,0.5318768647910247,0.2718,2.516457433735286,0.0023100163369982074,0.0006689581036430564,0.13937934193233825,0.09938202584247284,2.7085157535749356,0.830169029878181
3,3,0.0415,0.19945357397855096,0.4168,0.4964900907782794,1.1343,5.731278065565,0.0023100163369982074,0.0006689581036430564,0.13937934193233825,0.09938202584247284,2.4305003319816088,0.7959262438656513
