,group,selectUtilLoss,orderUtilLoss,maxRankDrop,ndcgLoss,kendallTau,expGain
3,0,5.0,5.0,194,0.026383780150710412,0.07085489666787545,-17.471498547407798
2,1,5.0,5.0,81,0.026383780150710412,0.07085489666787545,-6.503279571451973
0,2,1.0,2.0,0,0.026383780150710412,0.07085489666787545,9.189147443711146
1,3,0.0,0.0,0,0.026383780150710412,0.07085489666787545,14.785630675148603
