,group,selectUtilLoss,orderUtilLoss,maxRankDrop,ndcgLoss,expGain
1,0,2.0,2.0,149,0.0032345784258553945,-8.970474011122949
3,1,1.0,1.0,26,0.0032345784258553945,-0.7389938118064912
2,2,0.0,1.0,0,0.0032345784258553945,3.510293175008168
0,3,0.0,0.0,0,0.0032345784258553945,6.199174647921262
