,group,selectUtilLoss,orderUtilLoss,maxRankDrop,ndcgLoss,expGain
1,0,0.0,0.0,113,0.0,-4.72686532986571
3,1,0.0,0.0,17,0.0,-0.04360861574975061
2,2,0.0,0.0,0,0.0,1.8109807072463648
0,3,0.0,0.0,0,0.0,2.9594932383690953
