,group,selectUtilLoss,orderUtilLoss,maxRankDrop,ndcgLoss,kendallTau,expGain
3,0,1.0,1.0,122,0.0008774697332204484,-0.02718253588619318,-5.17607239874155
2,1,0.0,1.0,26,0.0008774697332204484,-0.02718253588619318,-0.7389938118064912
0,2,0.0,1.0,0,0.0008774697332204484,-0.02718253588619318,1.2799845769835483
1,3,0.0,0.0,0,0.0008774697332204484,-0.02718253588619318,4.635081633564482
