,group,selectUtilLoss,orderUtilLoss,maxRankDrop,ndcgLoss,kendallTau,expGain
3,0,4.0,4.0,220,0.020682819491039783,0.08090132661612176,-21.35074791324165
2,1,3.0,4.0,10,0.020682819491039783,0.08090132661612176,-0.31897277922258027
0,2,2.0,1.0,0,0.020682819491039783,0.08090132661612176,10.712839065062909
1,3,1.0,0.0,0,0.020682819491039783,0.08090132661612176,10.956881627401309
