,group,selectUtilLoss,orderUtilLoss,maxRankDrop,ndcgLoss,kendallTau,expGain
0,0,0.06213297164510556,0.06359576240184472,373,0.003727695673015785,0.8273497887480542,-18.746403487507294
1,1,0.0,0.0,0,0.003727695673015785,0.8273497887480542,18.74640348750728
