,group,selectUtilLoss,orderUtilLoss,maxRankDrop,ndcgLoss,kendallTau,expGain
0,1,0.0,0.0,0,1.8286328007377506e-09,0.9621002004008015,1.2770942361776676
1,0,2.1226889079795086e-07,1.8903606580078502e-07,23,1.8286328007377506e-09,0.9621002004008015,-1.2770942361776818
