,group,selectUtilLoss,orderUtilLoss,maxRankDrop,ndcgLoss,kendallTau,expGain
0,0,0.2777798372451157,0.2777798481624608,208,0.15354086071160755,0.6098550724637681,-31.40087775083058
1,3,0.0,0.0,0,0.15354086071160755,0.6098550724637681,22.76892030374882
2,1,0.0,0.0,0,0.15354086071160755,0.6098550724637681,6.415306278036062
3,2,0.0,0.0,0,0.15354086071160755,0.6098550724637681,2.2166511690456954
