,group,selectUtilLoss,orderUtilLoss,maxRankDrop,ndcgLoss,kendallTau,expGain
0,0,0.17324633985269333,0.17324634498929514,39,0.018712992393219663,0.80164994425864,-5.560752378867846
1,3,0.0,0.0,0,0.018712992393219663,0.80164994425864,3.822708488053046
2,1,0.0,0.0,0,0.018712992393219663,0.80164994425864,1.105525433930225
3,2,0.0,0.0,0,0.018712992393219663,0.80164994425864,0.6325184568845893
