,group,selectUtilLoss,orderUtilLoss,maxRankDrop,ndcgLoss,kendallTau,expGain
0,1,0.0,0.0,0,0.0011360972399772074,0.7354228456913827,21.617209751436214
1,0,0.006581203953530568,0.006581099060586015,283,0.0011360972399772074,0.7354228456913827,-21.617209751436285
