,group,selectUtilLoss,orderUtilLoss,maxRankDrop,ndcgLoss,kendallTau,expGain
0,1,0.0,0.0,0,0.0003695137727828257,0.7595190380761523,12.549858307180216
1,0,0.006578403517765619,0.0065784047260272205,180,0.0003695137727828257,0.7595190380761523,-12.549858307180223
