,group,selectUtilLoss,orderUtilLoss,maxRankDrop,ndcgLoss,kendallTau,expGain
0,0,0.24195988700520987,0.2419598883797751,131,0.08424724299108854,0.548361204013378,-19.402963315311904
1,3,0.0,0.0,0,0.08424724299108854,0.548361204013378,14.171318234419449
2,1,0.0,0.0,0,0.08424724299108854,0.548361204013378,3.6791096835601445
3,2,0.0,0.0,0,0.08424724299108854,0.548361204013378,1.5525353973323306
