,group,selectUtilLoss,orderUtilLoss,maxRankDrop,ndcgLoss,kendallTau,expGain
0,1,0.0,0.0,0,0.0618576044046919,0.830204081632653,2.412355710526491
1,2,0.0,0.0,0,0.0618576044046919,0.830204081632653,0.40119926410930673
2,0,1.3730287995752564,1.5313600485352858,25,0.0618576044046919,0.830204081632653,-3.423397099725468
3,3,0.0,0.0,0,0.0618576044046919,0.830204081632653,0.0
4,4,0.0,0.0,0,0.0618576044046919,0.830204081632653,0.35813492021070364
5,5,0.0,0.0,0,0.0618576044046919,0.830204081632653,0.25170720487896736
