,group,selectUtilLoss,orderUtilLoss,maxRankDrop,ndcgLoss,kendallTau,expGain
0,1,0.0,0.0,0,0.000488920385066649,0.25812152718071096,4.978454518510571
1,3,0.0,0.0,0,0.000488920385066649,0.25812152718071096,0.4384311019598486
2,2,0.0,0.0,0,0.000488920385066649,0.25812152718071096,0.4214588976350542
3,0,1.0,1.0,113,0.000488920385066649,0.25812152718071096,-5.838344518105465
