,group,selectUtilLoss,orderUtilLoss,maxRankDrop,ndcgLoss,kendallTau,expGain
0,1,0.0,0.0,0,0.0007070371317381419,0.31277283137798184,5.351301698108173
1,3,0.0,0.0,0,0.0007070371317381419,0.31277283137798184,0.4389408643302519
2,2,0.0,0.0,0,0.0007070371317381419,0.31277283137798184,0.5439541065213653
3,0,1.0,1.0,113,0.0007070371317381419,0.31277283137798184,-6.334196668959795
