,group,selectUtilLoss,orderUtilLoss,maxRankDrop,ndcgLoss,kendallTau,expGain
0,1,0.0,0.0,0,0.0048296575464373825,0.13511333476890222,12.941014660624909
1,3,0.0,0.0,0,0.0048296575464373825,0.13511333476890222,1.202189162502011
2,2,0.0,0.0,0,0.0048296575464373825,0.13511333476890222,1.5630847689888472
3,0,1.0,1.0,157,0.0048296575464373825,0.13511333476890222,-15.70628859211577
