,group,selectUtilLoss,orderUtilLoss,maxRankDrop,ndcgLoss,expGain
0,0,0.1520504053192504,0.0,0,0.057133923379712126,-1.8851743385069817
1,3,0.0,0.0,0,0.057133923379712126,1.3964306911529945
2,1,0.0,0.0,0,0.057133923379712126,0.33010868843839003
3,2,0.0,0.0,0,0.057133923379712126,0.15863495891559604
