,group,selectUtilLoss,orderUtilLoss,maxRankDrop,ndcgLoss,expGain
0,0,0.11111332047182576,0.0,0,0.006956052629196963,-1.8851743385069817
1,3,0.0,0.0,0,0.006956052629196963,1.3964306911529945
2,1,0.0,0.0,0,0.006956052629196963,0.33010868843839003
3,2,0.0,0.0,0,0.006956052629196963,0.15863495891559604
