,group,selectUtilLoss,orderUtilLoss,maxRankDrop,ndcgLoss,expGain
0,0,0.06213450292397649,0.0,0,0.0,1.6733138426997913
1,2,0.0,0.0,0,0.0,1.1470403473372572
2,3,0.0,0.0,0,0.0,1.1577660255342321
3,1,0.0,0.0,0,0.0,1.1324878819742228
