,group,selectUtilLoss,orderUtilLoss,maxRankDrop,ndcgLoss,expGain
0,0,0.14547213699652273,0.0,0,0.05328599791974287,-1.8851743385069817
1,3,0.0,0.0,0,0.05328599791974287,1.3964306911529945
2,1,0.0,0.0,0,0.05328599791974287,0.33010868843839003
3,2,0.0,0.0,0,0.05328599791974287,0.15863495891559604
