,group,selectUtilLoss,orderUtilLoss,maxRankDrop,ndcgLoss,expGain
0,0,0.06213825511805182,0.0,0,0.005065905638657386,0.022434671352487
1,3,0.0,0.0,0,0.005065905638657386,0.833643345569415
2,1,0.0,0.0,0,0.005065905638657386,0.7882751737691812
3,2,0.0,0.0,0,0.005065905638657386,0.7576171375349714
