,group,selectUtilLoss,orderUtilLoss,maxRankDrop,ndcgLoss,expGain
0,0,0.11111332047182576,0.0,0,0.006956052629196963,-12.25165084054477
1,2,0.0,0.0,0,0.006956052629196963,4.153385820800158
2,3,0.0,0.0,0,0.006956052629196963,4.16035053993935
3,1,0.0,0.0,0,0.006956052629196963,3.9379144798052534
