,group,selectUtilLoss,orderUtilLoss,maxRankDrop,ndcgLoss,expGain
0,0,0.1520504053192504,0.0,0,0.057133923379712126,0.18536928099542305
1,2,0.0,0.0,0,0.057133923379712126,0.9016344242447464
2,3,0.0,0.0,0,0.057133923379712126,0.9031463547039018
3,1,0.0,0.0,0,0.057133923379712126,0.8955665727757095
