,group,selectUtilLoss,orderUtilLoss,maxRankDrop,ndcgLoss,expGain
0,0,0.14546783625730986,0.14546783625730986,8,0.01268423543147501,0.022434671352487
1,3,0.006578947368421129,0.006578947368421129,-2097,0.01268423543147501,0.833643345569415
2,1,0.006578947368421129,0.006578947368421129,-2134,0.01268423543147501,0.7882751737691812
3,2,0.0,0.0,0,0.01268423543147501,0.7576171375349714
