,group,selectUtilLoss,orderUtilLoss,maxRankDrop,ndcgLoss,expGain
0,0,0.15204678362573087,0.0,0,0.0,1.302884148607301
1,3,0.0,0.0,0,0.0,0.9997518475236995
2,1,0.0,0.0,0,0.0,0.8885622961220786
3,2,0.0,0.0,0,0.0,0.8196189383631735
