,group,selectUtilLoss,orderUtilLoss,maxRankDrop,ndcgLoss,expGain
0,0,0.1520504053192504,0.0,0,0.057133923379712126,0.022434671352487
1,3,0.0,0.0,0,0.057133923379712126,0.833643345569415
2,1,0.0,0.0,0,0.057133923379712126,0.7882751737691812
3,2,0.0,0.0,0,0.057133923379712126,0.7576171375349714
