,group,selectUtilLoss,orderUtilLoss,maxRankDrop,ndcgLoss,expGain
0,0,0.1520504053192504,0.0,0,0.057133923379712126,-12.25165084054477
1,2,0.0,0.0,0,0.057133923379712126,4.153385820800158
2,3,0.0,0.0,0,0.057133923379712126,4.16035053993935
3,1,0.0,0.0,0,0.057133923379712126,3.9379144798052534
