,group,selectUtilLoss,orderUtilLoss,maxRankDrop,ndcgLoss,expGain
0,0,0.14546783625730986,0.14546783625730986,8,0.01268423543147501,-1.8851743385069817
1,3,0.006578947368421129,0.006578947368421129,-2097,0.01268423543147501,1.3964306911529945
2,1,0.006578947368421129,0.006578947368421129,-2134,0.01268423543147501,0.33010868843839003
3,2,0.0,0.0,0,0.01268423543147501,0.15863495891559604
