,group,selectUtilLoss,orderUtilLoss,maxRankDrop,ndcgLoss,expGain
0,0,0.3121345029239765,0.30555555555555547,54,0.0,1.6733138426997913
1,2,0.0,0.0,0,0.0,1.1470403473372572
2,3,0.14546783625730997,0.1600877192982456,-2271,0.0,1.1577660255342321
3,1,0.08333333333333337,0.08333333333333337,-2908,0.0,1.1324878819742228
