,group,selectUtilLoss,orderUtilLoss,maxRankDrop,ndcgLoss,expGain
0,0,0.3121345029239765,0.30555555555555547,54,0.11725946693804457,0.18536928099542305
1,2,0.0,0.0,0,0.11725946693804457,0.9016344242447464
2,3,0.14546783625730997,0.1600877192982456,-2271,0.11725946693804457,0.9031463547039018
3,1,0.08333333333333337,0.08333333333333337,-2908,0.11725946693804457,0.8955665727757095
