,group,selectUtilLoss,orderUtilLoss,maxRankDrop,ndcgLoss,expGain
0,0,0.14547213699652273,0.0,0,0.05328599791974287,-12.25165084054477
1,2,0.0,0.0,0,0.05328599791974287,4.153385820800158
2,3,0.0,0.0,0,0.05328599791974287,4.16035053993935
3,1,0.0,0.0,0,0.05328599791974287,3.9379144798052534
