,group,selectUtilLoss,orderUtilLoss,maxRankDrop,ndcgLoss,expGain
0,0,0.3121345029239765,0.30555555555555547,54,0.11725946693804457,-12.25165084054477
1,2,0.0,0.0,0,0.11725946693804457,4.153385820800158
2,3,0.14546783625730997,0.1600877192982456,-2271,0.11725946693804457,4.16035053993935
3,1,0.08333333333333337,0.08333333333333337,-2908,0.11725946693804457,3.9379144798052534
