,group,selectUtilLoss,orderUtilLoss,maxRankDrop,ndcgLoss,expGain
0,0,0.06213450292397649,0.0,0,0.005847253173938194,0.18536928099542305
1,2,0.0,0.0,0,0.005847253173938194,0.9016344242447464
2,3,0.0,0.0,0,0.005847253173938194,0.9031463547039018
3,1,0.0,0.0,0,0.005847253173938194,0.8955665727757095
