,group,selectUtilLoss,orderUtilLoss,maxRankDrop,ndcgLoss,expGain
0,0,0.06213825511805182,0.0,0,0.005065905638657386,-1.8851743385069817
1,3,0.0,0.0,0,0.005065905638657386,1.3964306911529945
2,1,0.0,0.0,0,0.005065905638657386,0.33010868843839003
3,2,0.0,0.0,0,0.005065905638657386,0.15863495891559604
