,group,selectUtilLoss,orderUtilLoss,maxRankDrop,ndcgLoss,expGain
0,0,0.06213825511805182,0.0,0,0.005065905638657386,-12.25165084054477
1,2,0.0,0.0,0,0.005065905638657386,4.153385820800158
2,3,0.0,0.0,0,0.005065905638657386,4.16035053993935
3,1,0.0,0.0,0,0.005065905638657386,3.9379144798052534
