,group,selectUtilLoss,orderUtilLoss,maxRankDrop,ndcgLoss,expGain
0,0,0.06213450292397649,0.0,0,0.005847253173938194,0.022434671352487
1,3,0.0,0.0,0,0.005847253173938194,0.833643345569415
2,1,0.0,0.0,0,0.005847253173938194,0.7882751737691812
3,2,0.0,0.0,0,0.005847253173938194,0.7576171375349714
