,group,selectUtilLoss,orderUtilLoss,maxRankDrop,ndcgLoss,expGain
0,0,0.11111332047182576,0.0,0,0.004184649360786885,-3.6156489789924677
1,3,0.0,0.0,0,0.004184649360786885,2.7305694107453924
2,1,0.0,0.0,0,0.004184649360786885,0.5956099879791644
3,2,0.0,0.0,0,0.004184649360786885,0.289469580267923
