,group,selectUtilLoss,orderUtilLoss,maxRankDrop,ndcgLoss,expGain
0,0,0.16666675224122496,0.16666688287831255,24,0.015460031128168406,-3.6156489789924677
1,3,0.021197027544762603,0.021199962824493768,0,0.015460031128168406,inf
2,1,1.6213192202130244e-06,0.02777659085757389,0,0.015460031128168406,inf
3,2,0.0,0.0,0,0.015460031128168406,inf
