,group,selectUtilLoss,orderUtilLoss,maxRankDrop,ndcgLoss,expGain
0,0,0.16666707420424576,0.16666718718215723,20,0.01546002624233378,-3.6156489789924677
1,3,0.02119801272588251,0.02119938437341362,-2140,0.01546002624233378,2.7305694107453924
2,1,1.3555922667718434e-06,0.027776027187300323,-2096,0.01546002624233378,0.5956099879791644
3,2,0.0,0.0,0,0.01546002624233378,0.289469580267923
