,group,selectUtilLoss,orderUtilLoss,maxRankDrop,ndcgLoss,expGain
0,0,0.19444961202010425,0.19444916352163844,178,0.05615910409018243,-11.82602769860123
1,2,0.04897767633253469,0.0,0,0.05615910409018243,-11.82602769860123
2,3,0.0,0.0,0,0.05615910409018243,inf
3,1,0.055558860266749055,0.0,0,0.05615910409018243,inf
