,group,selectUtilLoss,orderUtilLoss,maxRankDrop,ndcgLoss,expGain
0,0,0.062137367189621484,0.0,0,0.0038606783227370656,-3.6156489789924677
1,3,0.0,0.0,0,0.0038606783227370656,2.7305694107453924
2,1,0.0,0.0,0,0.0038606783227370656,0.5956099879791644
3,2,0.0,0.0,0,0.0038606783227370656,0.289469580267923
