,group,selectUtilLoss,orderUtilLoss,maxRankDrop,ndcgLoss,expGain
0,0,0.4166670701368579,0.4166665531211636,134,0.15262861677469153,-21.867239789067984
1,2,0.0,0.0,0,0.15262861677469153,7.303426418239492
2,3,0.21564367528538353,0.21564363378691803,0,0.15262861677469153,7.271112233667621
3,1,0.12572991999717142,0.13888799457419176,0,0.15262861677469153,7.2927011371608685
