,group,selectUtilLoss,orderUtilLoss,maxRankDrop,ndcgLoss,expGain
0,0,0.11111332047182576,0.11111287197335995,136,0.004184649360786885,-1.6309297535714293
1,2,0.0,0.0,0,0.004184649360786885,0.0
2,3,0.0,0.0,0,0.004184649360786885,1.6309297535714575
3,1,0.0,0.0,0,0.004184649360786885,0.0
