,group,selectUtilLoss,orderUtilLoss,maxRankDrop,ndcgLoss,expGain
0,0,0.14547213699652273,0.0,0,0.03204618819420346,-21.867239789067984
1,2,0.0,0.0,0,0.03204618819420346,7.303426418239492
2,3,0.0,0.0,0,0.03204618819420346,7.271112233667621
3,1,0.0,0.0,0,0.03204618819420346,7.2927011371608685
