,group,selectUtilLoss,orderUtilLoss,maxRankDrop,ndcgLoss,expGain
0,0,0.15204951739082007,0.0,0,0.03522393638259025,-3.6156489789924677
1,3,0.0,0.0,0,0.03522393638259025,2.7305694107453924
2,1,0.0,0.0,0,0.03522393638259025,0.5956099879791644
3,2,0.0,0.0,0,0.03522393638259025,0.289469580267923
