,group,selectUtilLoss,orderUtilLoss,maxRankDrop,ndcgLoss,expGain
0,0,0.062137367189621484,0.0,0,0.0038606783227370656,-21.867239789067984
1,2,0.0,0.0,0,0.0038606783227370656,7.30264474747422
2,1,0.0,0.0,0,0.0038606783227370656,7.283259120606166
3,3,0.0,0.0,0,0.0038606783227370656,7.281335920987596
