,group,selectUtilLoss,orderUtilLoss,maxRankDrop,ndcgLoss,expGain
0,0,0.14547213699652273,0.14547168849805692,158,0.03204618819420346,-7.91901950662082
1,2,0.0,0.0,0,0.03204618819420346,0.24465054211822604
2,3,0.0,2.7339707779905353e-06,0,0.03204618819420346,6.740099122711111
3,1,0.0,0.006581183934214363,0,0.03204618819420346,0.9342698417914818
