,group,selectUtilLoss,orderUtilLoss,maxRankDrop,ndcgLoss,expGain
0,0,0.14547213699652273,0.14547168849805692,44,0.03204618819420346,-3.6156489789924677
1,3,0.0,2.7339707779905353e-06,-2284,0.03204618819420346,2.7305694107453924
2,1,0.0,0.006581183934214363,-2157,0.03204618819420346,0.5956099879791644
3,2,0.0,0.0,0,0.03204618819420346,0.289469580267923
