,group,selectUtilLoss,orderUtilLoss,maxRankDrop,ndcgLoss,expGain
0,0,0.41666820282978384,0.41666773212530495,134,0.1526548815182759,-21.867239789067984
1,2,0.0,0.0,0,0.1526548815182759,7.30264474747422
2,1,0.12573115432316123,0.13888937334248652,-3198,0.1526548815182759,7.283259120606166
3,3,0.21564452890216596,0.21564433001793448,-2633,0.1526548815182759,7.281335920987596
