,group,selectUtilLoss,orderUtilLoss,maxRankDrop,ndcgLoss,kendallTauLoss,expGain
0,0,0.16666675224122496,0.16666688287831255,24,0.015460031128168406,0.17386934673366838,-3.6156489789924677
2,1,1.6213192202130244e-06,0.02777659085757389,0,0.015460031128168406,0.17386934673366838,0.5956099879791644
3,2,0.0,0.0,0,0.015460031128168406,0.17386934673366838,0.289469580267923
1,3,0.021197027544762603,0.021199962824493768,0,0.015460031128168406,0.17386934673366838,2.7305694107453924
