,group,selectUtilLoss,orderUtilLoss,maxRankDrop,ndcgLoss,expGain
0,0,0.15204951739082007,0.0,0,0.03522393638259025,-21.867239789067984
1,2,0.0,0.0,0,0.03522393638259025,7.30264474747422
2,1,0.0,0.0,0,0.03522393638259025,7.283259120606166
3,3,0.0,0.0,0,0.03522393638259025,7.281335920987596
