,group,selectUtilLoss,orderUtilLoss,maxRankDrop,ndcgLoss,expGain
0,0,0.11111332047182576,0.0,0,0.004184649360786885,-21.867239789067984
1,2,0.0,0.0,0,0.004184649360786885,7.303426418239492
2,3,0.0,0.0,0,0.004184649360786885,7.271112233667621
3,1,0.0,0.0,0,0.004184649360786885,7.2927011371608685
