,group,selectUtilLoss,orderUtilLoss,maxRankDrop,ndcgLoss,kendallTauLoss,expGain
0,0,0.19444961202010425,0.19444916352163844,178,0.05615910409018243,1.292361809045226,-11.82602769860123
3,1,0.055558860266749055,0.0,0,0.05615910409018243,1.292361809045226,0.0
1,2,0.04897767633253469,0.0,0,0.05615910409018243,1.292361809045226,0.0
2,3,0.0,0.0,0,0.05615910409018243,1.292361809045226,11.826027698601226
