,group,selectUtilLoss,orderUtilLoss,maxRankDrop,ndcgLoss,expGain
0,0,0.0,0.0,134,1.331577998753275e-06,0.0
1,2,0.0,0.0,0,1.331577998753275e-06,0.0
2,3,0.0,0.0,0,1.331577998753275e-06,0.0
3,1,0.0,0.0,0,1.331577998753275e-06,0.0
