,group,selectUtilLoss,orderUtilLoss,maxRankDrop,ndcgLoss,expGain
0,0,0.14547213699652273,0.14547168849805692,44,0.03204618819420346,-21.867239789067984
1,2,0.0,0.0,0,0.03204618819420346,7.303426418239492
2,3,0.0,2.7339707779905353e-06,-2284,0.03204618819420346,7.271112233667621
3,1,0.0,0.006581183934214363,-2157,0.03204618819420346,7.2927011371608685
