,group,selectUtilLoss,orderUtilLoss,maxRankDrop,ndcgLoss,expGain
0,0,0.14547213699652273,0.0,0,0.03204618819420346,-3.6156489789924677
1,3,0.0,0.0,0,0.03204618819420346,2.7305694107453924
2,1,0.0,0.0,0,0.03204618819420346,0.5956099879791644
3,2,0.0,0.0,0,0.03204618819420346,0.289469580267923
