,group,selectUtilLoss_mean,selectUtilLoss_std,orderUtilLoss_mean,orderUtilLoss_std,maxRankDrop_mean,maxRankDrop_std,ndcgLoss_mean,ndcgLoss_std,kendallTau_mean,kendallTau_std,expGain_mean,expGain_std
0,0,0.6731410335335215,0.06987853484607326,0.6653216482684742,0.07513821447249101,218.516,7.910625879169107,0.20876783044999284,0.009431941291409363,0.32895169235128524,0.04577999229277838,-35.03022577170037,1.2918774403880384
1,1,0.3262932462830893,0.07505934328316607,0.328219838917266,0.08364051508394951,0.0,0.0,0.20876783044999284,0.009431941291409363,0.32895169235128524,0.04577999229277838,11.853618743841128,1.3109904844484304
2,2,0.0,0.0,0.0027677502672554,0.008416655970298137,0.0,0.0,0.20876783044999284,0.009431941291409363,0.32895169235128524,0.04577999229277838,11.339019762642883,0.8577445725622272
3,3,0.4489725852780311,0.07099056406788509,0.44349370628099266,0.07704907285699858,0.0,0.0,0.20876783044999284,0.009431941291409363,0.32895169235128524,0.04577999229277838,11.837587265216362,1.3022941206080243
