,group,selectUtilLoss,orderUtilLoss,maxRankDrop,ndcgLoss,expGain
0,0,0.17324728600805306,0.1732472900270684,38,0.017998569012126486,-5.328961219912294
2,1,0.006581430570195335,0.02777659085757389,0,0.017998569012126486,0.8409020884754743
3,2,0.006580199204658244,2.747602462993548e-06,0,0.017998569012126486,0.4117945491620565
1,3,0.0,0.021199962824493768,0,0.017998569012126486,4.076264582274782
