,group,selectUtilLoss,orderUtilLoss,maxRankDrop,ndcgLoss,kendallTauLoss,expGain
0,0,0.1732466131099456,0.17324661600327185,38,0.017998560649737483,0.1884503901895206,-5.328961219912294
2,1,0.006579755305904822,0.027776009903302423,0,0.017998560649737483,0.1884503901895206,0.8409020884754743
3,2,0.006579632176203498,1.175354331306444e-06,0,0.017998560649737483,0.1884503901895206,0.4117945491620565
1,3,0.0,0.02119878488740068,0,0.017998560649737483,0.1884503901895206,4.076264582274782
