,group,selectUtilLoss,orderUtilLoss,maxRankDrop,ndcgLoss,kendallTauLoss,expGain
0,0,0.19444961202010425,0.19444916352163844,285,0.041270634896981684,1.215696767001115,-11.826027698601209
2,1,0.055558860266749055,0.0,0,0.041270634896981684,1.215696767001115,0.0
3,2,0.04897767633253469,0.0,0,0.041270634896981684,1.215696767001115,0.0
1,3,0.0,0.0,0,0.041270634896981684,1.215696767001115,11.826027698601226
