,group,selectUtilLoss,orderUtilLoss,maxRankDrop,ndcgLoss,kendallTauLoss,expGain
0,0,0.6388894245247201,0.6388894272793566,206,0.1817422128458024,0.6202452619843923,-30.720130078244985
2,1,0.3055537619178426,0.2631551817962685,0,0.1817422128458024,0.6202452619843923,10.146188018794708
1,2,0.0,0.0,0,0.1817422128458024,0.6202452619843923,10.299553765878429
3,3,0.4166660583299981,0.37426732242125194,0,0.1817422128458024,0.6202452619843923,10.274388293571842
