,group,selectUtilLoss,orderUtilLoss,maxRankDrop,ndcgLoss,kendallTau,expGain
0,0,0.5964912178425992,0.596491251596299,206,0.18089247917790985,0.3768561872909699,-30.720130078244985
2,1,0.2631560676437196,0.2631564486413969,0,0.18089247917790985,0.3768561872909699,10.295207425958555
1,2,0.0,0.0,0,0.18089247917790985,0.3768561872909699,10.178215658504833
3,3,0.3742675753996599,0.37426766874653045,0,0.18089247917790985,0.3768561872909699,10.24670699378159
