,group,selectUtilLoss,orderUtilLoss,maxRankDrop,ndcgLoss,kendallTauLoss,expGain
0,0,0.14547167620763357,0.14547132579611477,268,0.023550484069553512,1.121025641025641,-7.919019506620785
2,1,0.0,0.0065807357818856715,0,0.023550484069553512,1.121025641025641,0.9342698417914818
3,2,0.0,0.0,0,0.023550484069553512,1.121025641025641,0.24465054211822604
1,3,0.0,1.6731189865781815e-06,0,0.023550484069553512,1.121025641025641,6.740099122711111
