,group,selectUtilLoss,orderUtilLoss,maxRankDrop,ndcgLoss,kendallTauLoss,expGain
0,0,0.0,0.0,266,1.018770440452954e-06,0.978149386845039,0.0
2,1,0.0,0.0,0,1.018770440452954e-06,0.978149386845039,0.0
3,2,0.0,0.0,0,1.018770440452954e-06,0.978149386845039,0.0
1,3,0.0,0.0,0,1.018770440452954e-06,0.978149386845039,0.0
