,group,selectUtilLoss_mean,selectUtilLoss_std,orderUtilLoss_mean,orderUtilLoss_std,maxRankDrop_mean,maxRankDrop_std,ndcgLoss_mean,ndcgLoss_std,kendallTau_mean,kendallTau_std,expGain_mean,expGain_std
0,0,0.20024906481597815,0.011012027905928819,0.20008787090903019,0.010982991904135327,51.9982,6.547586108512421,0.029175545941808344,0.004567259032837621,0.708060231884058,0.039299439867803265,-8.243063363397217,1.1469151016442272
1,1,0.02279352376625583,0.017289065622222845,0.03109146399032412,0.017045078176416716,0.0,0.0,0.029175545941808344,0.004567259032837621,0.708060231884058,0.039299439867803265,1.3284577703387204,0.49349882101104314
2,2,0.021386542070953935,0.01499270516253243,0.01795707934352705,0.014918809569345673,0.0,0.0,0.029175545941808344,0.004567259032837621,0.708060231884058,0.039299439867803265,0.5703331760862624,0.32801770187990537
3,3,0.0047430698921970705,0.010319224192640015,0.03567828678597736,0.027406652271564354,0.0,0.0,0.029175545941808344,0.004567259032837621,0.708060231884058,0.039299439867803265,6.344272416972271,1.0215342905112834
