,group,selectUtilLoss,orderUtilLoss,maxRankDrop,ndcgLoss,kendallTau,expGain
0,0,0.7141831751367927,0.638889703283928,209,0.2083419112413245,0.29342251950947607,-35.21347849676077
2,1,0.37426971736712356,0.3742700901241873,0,0.2083419112413245,0.29342251950947607,11.595056979715148
1,2,0.0,0.0,0,0.2083419112413245,0.29342251950947607,11.81215988981865
3,3,0.4919591566831817,0.4919595124253886,0,0.2083419112413245,0.29342251950947607,11.806261627226977
