,group,selectUtilLoss,orderUtilLoss,maxRankDrop,ndcgLoss,kendallTauLoss,expGain
0,0,0.2010225044135795,0.20102251695917084,62,0.0353404446525063,0.31402452619843924,-9.729246872064344
2,1,0.0065784757724555165,0.0014608923200227775,0,0.0353404446525063,0.31402452619843924,2.0346334848068186
3,2,0.03435517437156632,0.006579362207637773,0,0.0353404446525063,0.31402452619843924,0.5889612717240427
1,3,0.0,0.027776891547655835,0,0.0353404446525063,0.31402452619843924,7.105652115533513
