,group,selectUtilLoss,orderUtilLoss,maxRankDrop,ndcgLoss,expGain
0,0,0.15204925219536247,0.0,0,0.01834282067818327,0.013682249301584681
1,3,0.0,0.0,0,0.01834282067818327,0.9156837631544438
2,1,0.0,0.0,0,0.01834282067818327,0.9034610354234095
3,2,0.0,0.0,0,0.01834282067818327,0.9095727911515713
