,group,selectUtilLoss,orderUtilLoss,maxRankDrop,ndcgLoss,expGain
0,0,0.11111268600667179,0.0,0,0.002064966277340319,-8.761640123357239
1,3,0.0,0.0,0,0.002064966277340319,6.589987010143144
2,1,0.0,0.0,0,0.002064966277340319,1.5298876616273978
3,2,0.0,0.0,0,0.002064966277340319,0.641765451586701
