,group,selectUtilLoss,orderUtilLoss,maxRankDrop,ndcgLoss,expGain
0,0,0.20102349797730734,0.20102351521727213,67,0.0223356023976492,0.013682249301584681
1,3,0.0,0.02119938437341362,-2136,0.0223356023976492,0.9156837631544438
2,1,0.006578546562482024,0.027776635201227196,-2199,0.0223356023976492,0.9034610354234095
3,2,0.0,0.027778317664120755,-2106,0.0223356023976492,0.9095727911515713
