,group,selectUtilLoss,orderUtilLoss,maxRankDrop,ndcgLoss,expGain
0,0,0.15204925219536247,0.0,0,0.01834282067818327,-8.761640123357239
1,3,0.0,0.0,0,0.01834282067818327,6.589987010143144
2,1,0.0,0.0,0,0.01834282067818327,1.5298876616273978
3,2,0.0,0.0,0,0.01834282067818327,0.641765451586701
