,group,selectUtilLoss,orderUtilLoss,maxRankDrop,ndcgLoss,expGain
0,0,0.06213710199416389,0.0,0,0.0029046707435519403,-8.761640123357239
1,3,0.0,0.0,0,0.0029046707435519403,6.589987010143144
2,1,0.0,0.0,0,0.0029046707435519403,1.5298876616273978
3,2,0.0,0.0,0,0.0029046707435519403,0.641765451586701
