,group,selectUtilLoss,orderUtilLoss,maxRankDrop,ndcgLoss,expGain
0,0,0.14547213699652273,0.0,0,0.015813986469625507,-8.761640123357239
1,3,0.0,0.0,0,0.015813986469625507,6.589987010143144
2,1,0.0,0.0,0,0.015813986469625507,1.5298876616273978
3,2,0.0,0.0,0,0.015813986469625507,0.641765451586701
