,group,selectUtilLoss,orderUtilLoss,maxRankDrop,ndcgLoss,expGain
0,0,0.06213710199416389,0.0,0,0.0029046707435519403,0.013682249301584681
1,3,0.0,0.0,0,0.0029046707435519403,0.9156837631544438
2,1,0.0,0.0,0,0.0029046707435519403,0.9034610354234095
3,2,0.0,0.0,0,0.0029046707435519403,0.9095727911515713
