,group,selectUtilLoss,orderUtilLoss,maxRankDrop,ndcgLoss,expGain
0,0,0.20102339181286533,0.20102339181286533,60,0.0,0.5315446741251
1,3,0.0,0.02119883040935666,-2142,0.0,0.5074748150177046
2,1,0.006578947368421018,0.02777777777777779,-2067,0.0,0.480701682830173
3,2,0.0,0.02777777777777779,-2190,0.0,0.49082332963841624
