,group,selectUtilLoss,orderUtilLoss,maxRankDrop,ndcgLoss,expGain
0,0,0.20102349797730734,0.20102351521727213,67,0.0223356023976492,-8.761640123357239
1,3,0.0,0.02119938437341362,-2136,0.0223356023976492,6.589987010143144
2,1,0.006578546562482024,0.027776635201227196,-2199,0.0223356023976492,1.5298876616273978
3,2,0.0,0.027778317664120755,-2106,0.0223356023976492,0.641765451586701
