,group,selectUtilLoss,orderUtilLoss,maxRankDrop,ndcgLoss,expGain
0,0,0.15204678362573087,0.0,0,0.0,0.5315446741251
1,3,0.0,0.0,0,0.0,0.5074748150177046
2,1,0.0,0.0,0,0.0,0.480701682830173
3,2,0.0,0.0,0,0.0,0.49082332963841624
