,group,selectUtilLoss,orderUtilLoss,maxRankDrop,ndcgLoss,expGain
0,0,0.20102339181286533,0.20102339181286533,60,0.022335684509734555,0.013682249301584681
1,3,0.0,0.02119883040935666,-2142,0.022335684509734555,0.9156837631544438
2,1,0.006578947368421018,0.02777777777777779,-2067,0.022335684509734555,0.9034610354234095
3,2,0.0,0.02777777777777779,-2190,0.022335684509734555,0.9095727911515713
