,group,selectUtilLoss,orderUtilLoss,maxRankDrop,ndcgLoss,kendallTau,expGain
0,0,0.1732474917050858,0.17324661600327185,38,0.017998560649737483,0.8115496098104794,-5.328961219912294
2,1,0.0,0.027776009903302423,0,0.017998560649737483,0.8115496098104794,0.8409020884754743
3,2,0.0,1.1753543311954218e-06,0,0.017998560649737483,0.8115496098104794,0.4117945491620565
1,3,0.0,0.02119878488740068,0,0.017998560649737483,0.8115496098104794,4.076264582274782
