,group,selectUtilLoss,orderUtilLoss,maxRankDrop,ndcgLoss,expGain
0,1,0.0,0.0,0,4.6683794514112975e-05,0.28056941941785973
1,0,0.0,0.00657894736842124,108,4.6683794514112975e-05,0.18714913575003456
