,group,selectUtilLoss,orderUtilLoss,maxRankDrop,ndcgLoss,kendallTauLoss,expGain
1,0,0.07018051161048422,0.07383447845058311,620,0.005529758501903959,0.34233844785412504,-28.59924499385027
0,1,0.0,0.0,288,0.005529758501903959,0.34233844785412504,28.599244993850164
