,group,selectUtilLoss,orderUtilLoss,maxRankDrop,ndcgLoss,expGain
0,1,0.0,0.0,0,0.005038132938367079,20.115855679181678
1,0,0.06360068472986358,0.0,0,0.005038132938367079,-20.115855679181678
