,group,selectUtilLoss,orderUtilLoss,maxRankDrop,ndcgLoss,kendallTauLoss,expGain
0,0,0.0,0.006576905220681106,17,6.713629763233087e-08,0.005600177896375569,-0.24744700025486566
1,1,0.0,0.0,0,6.713629763233087e-08,0.005600177896375569,0.24744700025487987
