,group,selectUtilLoss,orderUtilLoss,maxRankDrop,ndcgLoss,expGain
0,0,0.08991228070175439,0.08991228070175439,600,0.0004601852341254986,0.0004506037416892179
1,1,0.0,0.0,0,0.0004601852341254986,0.001272266585470198
