,group,selectUtilLoss,orderUtilLoss,maxRankDrop,ndcgLoss,expGain
0,0,0.0328947368421052,0.040935672514619825,185,0.00021009844019692636,0.16648565238344792
1,1,0.0,0.0,0,0.00021009844019692636,0.29375609463274566
