,group,selectUtilLoss,orderUtilLoss,maxRankDrop,ndcgLoss,kendallTauLoss,expGain
1,0,0.047517088953575315,0.04897956320414354,620,0.001600684332005109,0.30097398265510344,-17.92610316429183
0,1,0.0,0.0,288,0.001600684332005109,0.30097398265510344,17.926103164291845
