,group,selectUtilLoss,orderUtilLoss,maxRankDrop,ndcgLoss,expGain
0,1,0.0,0.0,0,0.0003737853482458364,0.28056941941785973
1,0,0.08991228070175439,0.0,0,0.0003737853482458364,0.18714913575003456
