,group,selectUtilLoss,orderUtilLoss,maxRankDrop,ndcgLoss,expGain
0,1,0.0,0.0,0,0.00932585633341998,0.0054337130134172185
1,0,0.08991228070175439,0.0,0,0.00932585633341998,-0.005792966766371643
