,group,selectUtilLoss,orderUtilLoss,maxRankDrop,ndcgLoss,expGain
0,1,0.0,0.0,288,0.001600684332005109,17.926103164291845
1,0,0.047517088953575315,0.04897956320414354,620,0.001600684332005109,-17.92610316429183
