,group,selectUtilLoss,orderUtilLoss,maxRankDrop,ndcgLoss,expGain
0,1,0.0,0.0,0,0.00020066231127924272,0.0017666971584918533
1,0,0.019736842105263164,0.03435672514619881,160,0.00020066231127924272,-0.00014762647567246364
