,group,selectUtilLoss,orderUtilLoss,maxRankDrop,ndcgLoss,expGain
0,1,0.0,0.0,288,0.005038150047038448,27.487540114304508
1,0,0.06360068472986358,0.0687184447182132,620,0.005038150047038448,-27.487540114304657
