,group,selectUtilLoss,orderUtilLoss,maxRankDrop,ndcgLoss,expGain
0,0,0.0,0.00657894736842124,92,5.974953985199427e-05,0.0004506037416892179
1,1,0.0,0.0,0,5.974953985199427e-05,0.001272266585470198
