,group,selectUtilLoss,orderUtilLoss,maxRankDrop,ndcgLoss,expGain
0,1,0.0,0.0,288,0.0016049638398509813,17.94480138931108
1,0,0.047517088953575315,0.04897980546012448,620,0.0016049638398509813,-17.944801389311053
