,group,selectUtilLoss,orderUtilLoss,maxRankDrop,ndcgLoss,kendallTau,expGain
0,0,0.0,0.006576905220681106,17,6.713629763233087e-08,0.9943998221036244,-0.24744700025486566
1,1,0.0,0.0,0,6.713629763233087e-08,0.9943998221036244,0.24744700025487987
