,group,selectUtilLoss,orderUtilLoss,maxRankDrop,ndcgLoss,kendallTauLoss,expGain
1,0,0.06213413936185441,0.06871191463973891,387,0.003928979661947718,0.16972025794974432,-19.158781704948566
0,1,0.0,0.0,0,0.003928979661947718,0.16972025794974432,19.158781704948453
