,group,selectUtilLoss,orderUtilLoss,maxRankDrop,ndcgLoss,kendallTauLoss,expGain
0,0,0.0,0.006577440680007096,60,1.4582976514687651e-05,0.02243095396931294,0.45766274138306073
1,1,0.006578072188516471,0.006578274781448568,30,1.4582976514687651e-05,0.02243095396931294,-0.45766274138306073
