,group,selectUtilLoss,orderUtilLoss,maxRankDrop,ndcgLoss,expGain
0,1,0.0,0.0,0,0.0016049638398509813,0.27805176262961595
1,0,0.047517088953575315,0.0,0,0.0016049638398509813,-0.27805176262961595
