,group,selectUtilLoss,orderUtilLoss,maxRankDrop,ndcgLoss,expGain
0,1,0.0,0.0,0,3.183320200772499e-07,0.0027622829355271605
1,0,0.0,0.006577183595689817,10,3.183320200772499e-07,-0.002937062873676566
