,group,selectUtilLoss,orderUtilLoss,maxRankDrop,ndcgLoss,kendallTauLoss,expGain
1,0,0.0,0.006577264308193831,15,1.9151692742802595e-07,0.006868579052701884,-0.27805176262961595
0,1,0.0,0.0,0,1.9151692742802595e-07,0.006868579052701884,0.27805176262961595
