,group,selectUtilLoss,orderUtilLoss,maxRankDrop,ndcgLoss,expGain
0,0,0.08991228070175439,0.0,0,0.0005010837418466529,0.16648565238344792
1,1,0.0,0.0,0,0.0005010837418466529,0.29375609463274566
