,group,selectUtilLoss,orderUtilLoss,maxRankDrop,ndcgLoss,expGain
0,1,0.0,0.0,0,0.009356711070768742,0.24447692421428258
1,0,0.08991667520928792,0.0,0,0.009356711070768742,-0.244476924214311
