,group,selectUtilLoss,orderUtilLoss,maxRankDrop,ndcgLoss,expGain
0,1,0.0,0.0,0,3.183320200772499e-07,0.24447692421428258
1,0,0.0,0.006577183595689817,10,3.183320200772499e-07,-0.244476924214311
