,group,selectUtilLoss,orderUtilLoss,maxRankDrop,ndcgLoss,expGain
0,1,0.0,0.0,0,0.0004601852341254986,0.0017666971584918533
1,0,0.08991228070175439,0.08991228070175439,600,0.0004601852341254986,-0.00014762647567246364
