,group,selectUtilLoss,orderUtilLoss,maxRankDrop,ndcgLoss,kendallTau,expGain
0,0,0.08333351293754898,0.0833334641738186,524,0.00698049219246577,0.7744469646430954,-28.47224323573497
1,1,0.0,0.0,0,0.00698049219246577,0.7744469646430954,28.47224323573475
