,group,selectUtilLoss,orderUtilLoss,maxRankDrop,ndcgLoss,expGain
0,1,0.0,0.0,0,3.624108568800466e-09,0.0006467722285845579
1,0,0.0,0.006573771914568427,1,3.624108568800466e-09,-0.0006876959184267672
