,group,selectUtilLoss,orderUtilLoss,maxRankDrop,ndcgLoss,expGain
0,1,0.0,0.0,0,0.009356711070768742,0.05724282732876418
1,0,0.08991667520928792,0.0,0,0.009356711070768742,-0.05724282732880681
