,group,selectUtilLoss,orderUtilLoss,maxRankDrop,ndcgLoss,expGain
0,1,0.0,0.0,0,0.004052844292959823,20.115855679181678
1,0,0.06213451829979344,0.070172555891995,358,0.004052844292959823,-20.115855679181678
