,group,selectUtilLoss,orderUtilLoss,maxRankDrop,ndcgLoss,expGain
0,1,0.0,0.0,0,0.0016049466721448358,20.115855679181678
1,0,0.047517088953575315,0.0,0,0.0016049466721448358,-20.115855679181678
