,group,selectUtilLoss,orderUtilLoss,maxRankDrop,ndcgLoss,expGain
0,1,0.0,0.0,0,0.009356711070768742,0.0027622829355271605
1,0,0.08991667520928792,0.0,0,0.009356711070768742,-0.002937062873676566
