,group,selectUtilLoss,orderUtilLoss,maxRankDrop,ndcgLoss,kendallTauLoss,expGain
0,0,0.06213406324195958,0.07017021490552433,387,0.00397001540197095,0.17900289081609966,-19.76959418398873
1,1,0.0,0.0,0,0.00397001540197095,0.17900289081609966,19.769594183988573
