,group,selectUtilLoss,orderUtilLoss,maxRankDrop,ndcgLoss,expGain
0,0,0.0328947368421052,0.040935672514619825,185,0.000590189896870652,-0.022414457748822558
1,1,0.0,0.0,0,0.000590189896870652,0.016040937327162608
