,group,selectUtilLoss_mean,selectUtilLoss_std,orderUtilLoss_mean,orderUtilLoss_std,maxRankDrop_mean,maxRankDrop_std,ndcgLoss_mean,ndcgLoss_std,kendallTau_mean,kendallTau_std,expGain_mean,expGain_std
0,0,0.07357574369651967,0.007786766213349789,0.07723027955731558,0.005607763663609816,477.3524,36.78182573650268,0.0057404342149700435,0.0008836476161993407,0.7823711665554814,0.016882329954477956,-25.725043146114796,2.224448294770542
1,1,0.0,0.0,2.521870067098142e-08,6.482277384823816e-08,0.4517,1.0992670052334326,0.0057404342149700435,0.0008836476161993407,0.7823711665554814,0.016882329954477956,25.725043146114775,2.224448294770532
