,group,selectUtilLoss,orderUtilLoss,maxRankDrop,ndcgLoss,kendallTau,expGain
0,0,0.06213406324195958,0.07017021490552433,387,0.00397001540197095,0.8209971091839003,-19.76959418398873
1,1,0.0,0.0,0,0.00397001540197095,0.8209971091839003,19.769594183988573
