,group,selectUtilLoss,orderUtilLoss,maxRankDrop,ndcgLoss,expGain
0,1,0.0,0.0,0,0.005038150047038448,19.158781704948453
1,0,0.06360068472986358,0.0687184447182132,434,0.005038150047038448,-19.158781704948566
