,group,selectUtilLoss,orderUtilLoss,maxRankDrop,ndcgLoss,expGain
0,1,0.0,0.0,0,0.003928979661947718,19.158781704948453
1,0,0.06213413936185441,0.06871191463973891,387,0.003928979661947718,-19.158781704948566
