,group,selectUtilLoss,orderUtilLoss,maxRankDrop,ndcgLoss,expGain
0,0,0.0328947368421052,0.040935672514619825,185,0.0002821944585049696,0.16648565238344792
1,1,0.0,0.0,0,0.0002821944585049696,0.29375609463274566
