,group,selectUtilLoss,orderUtilLoss,maxRankDrop,ndcgLoss,expGain
0,1,0.0,0.0,0,0.009356728105180956,0.27805176262961595
1,0,0.08991667520928792,0.0,0,0.009356728105180956,-0.27805176262961595
