,group,selectUtilLoss_mean,selectUtilLoss_std,orderUtilLoss_mean,orderUtilLoss_std,maxRankDrop_mean,maxRankDrop_std,ndcgLoss_mean,ndcgLoss_std,kendallTau_mean,kendallTau_std,expGain_mean,expGain_std
0,0,0.00023045113947882338,0.0014117343955017594,0.00605665321716285,0.006079686353170078,32.1934,19.37522480833803,0.0001326303142485664,0.00016351171171528217,0.9714096807649543,0.014419331002543181,1.740853396312777,2.320581417625612
1,1,0.011834925350375293,0.009486592575592064,0.013452424153606209,0.00892647348340858,42.1471,26.211462486220924,0.0001326303142485664,0.00016351171171528217,0.9714096807649543,0.014419331002543181,-1.7408533963128014,2.3205814176256117
