,group,selectUtilLoss,orderUtilLoss,maxRankDrop,ndcgLoss,expGain
0,1,0.0,0.0,0,0.0016049638398509813,19.158781704948453
1,0,0.047517088953575315,0.0,0,0.0016049638398509813,-19.158781704948566
