,group,selectUtilLoss,orderUtilLoss,maxRankDrop,ndcgLoss,expGain
0,1,0.0,0.0,288,0.005529758501903959,28.599244993850164
1,0,0.07018051161048422,0.07383447845058311,620,0.005529758501903959,-28.59924499385027
