,group,selectUtilLoss,orderUtilLoss,maxRankDrop,ndcgLoss,expGain
0,1,0.0,0.0,0,0.009356711070768742,0.0006467722285845579
1,0,0.08991667520928792,0.0,0,0.009356711070768742,-0.0006876959184267672
