,group,selectUtilLoss,orderUtilLoss,maxRankDrop,ndcgLoss,expGain
0,0,0.08991228070175439,0.0,0,0.0003737853482458364,0.16648565238344792
1,1,0.0,0.0,0,0.0003737853482458364,0.29375609463274566
