,group,selectUtilLoss,orderUtilLoss,maxRankDrop,ndcgLoss,expGain
0,1,0.0,0.0,0,6.647334188536469e-06,0.0054337130134172185
1,0,0.0,0.00657894736842124,108,6.647334188536469e-06,-0.005792966766371643
