,group,selectUtilLoss,orderUtilLoss,maxRankDrop,ndcgLoss,expGain
0,0,0.08991228070175439,0.0,0,0.00932585633341998,-0.022414457748822558
1,1,0.0,0.0,0,0.00932585633341998,0.016040937327162608
