,group,selectUtilLoss,orderUtilLoss,maxRankDrop,ndcgLoss,expGain
0,0,0.0065789473684207955,0.0,0,0.002089490303042618,0.07971215545630261
1,1,0.0,0.0,0,0.002089490303042618,-0.0628613649882781
