,group,selectUtilLoss,orderUtilLoss,maxRankDrop,ndcgLoss,expGain
0,0,0.006584059719910829,0.0,0,0.0021811576997234905,0.07971215545630261
1,1,0.0,0.0,0,0.0021811576997234905,-0.0628613649882781
