,group,selectUtilLoss,orderUtilLoss,maxRankDrop,ndcgLoss,expGain
0,0,0.0065789473684207955,0.0,0,0.002089490303042618,0.041996492426289334
1,1,0.0,0.0,0,0.002089490303042618,-0.039290920350438685
