,group,selectUtilLoss,orderUtilLoss,maxRankDrop,ndcgLoss,expGain
0,0,0.0065789473684207955,0.0065789473684207955,230,0.0,0.5036657780023646
1,1,0.0,0.0,0,0.0,0.5479163785131015
