,group,selectUtilLoss,orderUtilLoss,maxRankDrop,ndcgLoss,expGain
0,0,0.006584059719910829,0.0,0,0.0021811576997234905,-6.5926366707927535
1,1,0.0,0.0,0,0.0021811576997234905,6.592636670792743
