,group,selectUtilLoss,orderUtilLoss,maxRankDrop,ndcgLoss,expGain
0,1,0.0,0.0,0,0.0,0.003835666324049294
1,0,0.0065789473684207955,0.0065789473684207955,162,0.0,0.0033518458190566337
