,group,selectUtilLoss,orderUtilLoss,maxRankDrop,ndcgLoss,expGain
0,0,0.0065789473684207955,0.0065789473684207955,230,0.00047638310674591455,0.041996492426289334
1,1,0.0,0.0,0,0.00047638310674591455,-0.039290920350438685
