,group,selectUtilLoss,orderUtilLoss,maxRankDrop,ndcgLoss,expGain
0,0,0.0065789473684207955,0.0065789473684207955,230,0.00047638310674591455,-14.394423314046094
1,1,0.0,0.0,0,0.00047638310674591455,14.3944233140461
