,group,selectUtilLoss,orderUtilLoss,maxRankDrop,ndcgLoss,expGain
0,0,0.006584059719910829,0.0,0,0.0021811576997234905,0.041996492426289334
1,1,0.0,0.0,0,0.0021811576997234905,-0.039290920350438685
