,group,selectUtilLoss,orderUtilLoss,maxRankDrop,ndcgLoss,expGain
0,1,0.0,0.0,0,0.0,0.0053474920095742
1,0,0.0065789473684207955,0.0065789473684207955,452,0.0,0.00010417677717320837
