,group,selectUtilLoss,orderUtilLoss,maxRankDrop,ndcgLoss,expGain
0,0,0.0065789473684207955,0.0,0,0.0,0.5614532843276947
1,1,0.0,0.0,0,0.0,0.5118020135736311
