,group,selectUtilLoss,orderUtilLoss,maxRankDrop,ndcgLoss,expGain
0,0,0.006584059719910829,0.0,0,0.0021811576997234905,-14.394423314046094
1,1,0.0,0.0,0,0.0021811576997234905,14.3944233140461
