,group,selectUtilLoss,orderUtilLoss,maxRankDrop,ndcgLoss,kendallTau,expGain
0,0,0.0635991131769762,0.06871711184172191,579,0.005039038493847903,0.6624558594618634,-28.16767603527142
1,1,0.0,0.0,297,0.005039038493847903,0.6624558594618634,28.167676035271256
