,group,selectUtilLoss,orderUtilLoss,maxRankDrop,ndcgLoss,kendallTau,expGain
0,0,0.04897483244875667,0.006577440680007096,60,1.4582976514465606e-05,0.9775690460306871,0.45766274138306073
1,1,0.0,0.006578274781448568,30,1.4582976514465606e-05,0.9775690460306871,-0.45766274138306073
