,group,selectUtilLoss,orderUtilLoss,maxRankDrop,ndcgLoss,kendallTau,expGain
1,0,0.20102362548194552,0.20102359648925394,118,0.0742537574819484,0.4835175879396984,-11.331034211006461
0,1,0.20102356090610307,0.20102319584765493,52,0.0742537574819484,0.4835175879396984,-3.7649028099707333
2,2,0.0,0.0,0,0.0742537574819484,0.4835175879396984,15.095937020977193
