,group,selectUtilLoss,orderUtilLoss,maxRankDrop,ndcgLoss,kendallTau,expGain
1,0,0.22880249483882154,0.22880339928450133,155,0.1395672835502969,0.6551758793969849,-15.581062803119128
0,1,0.22880243026297908,0.22880135090479647,136,0.1395672835502969,0.6551758793969849,-9.62073291840374
2,2,0.0,0.0,0,0.1395672835502969,0.6551758793969849,25.20179572152286
