,group,selectUtilLoss,orderUtilLoss,maxRankDrop,ndcgLoss,expGain
0,0,0.15204678362573087,0.0,0,0.08139472338454401,0.12309893968328811
1,1,0.15204678362573087,0.0,0,0.08139472338454401,-0.06119613150270742
2,2,0.0,0.0,0,0.08139472338454401,0.8697780602955572
