,group,selectUtilLoss,orderUtilLoss,maxRankDrop,ndcgLoss,expGain
0,0,0.15204678362573087,0.0,0,0.08139472338454401,0.3662658055671809
1,1,0.15204678362573087,0.0,0,0.08139472338454401,-0.11460312381373516
2,2,0.0,0.0,0,0.08139472338454401,0.90861446978157
