,group,selectUtilLoss,orderUtilLoss,maxRankDrop,ndcgLoss,expGain
0,0,0.15204678362573087,0.0,0,0.08139472338454401,0.21531698594331072
1,1,0.15204678362573087,0.0,0,0.08139472338454401,-0.06391891363278135
2,2,0.0,0.0,0,0.08139472338454401,0.8987069626404557
