,group,selectUtilLoss,orderUtilLoss,maxRankDrop,ndcgLoss,expGain
0,1,0.14546783625730986,0.13888888888888873,9,0.040369722476327974,0.0698585489537511
1,0,0.14546783625730986,0.13888888888888873,5,0.040369722476327974,0.022454499417383533
2,2,0.0,0.0,0,0.040369722476327974,0.8824917365382348
