,group,selectUtilLoss,orderUtilLoss,maxRankDrop,ndcgLoss,expGain
0,0,0.06213450292397649,0.0,0,0.006664524702760244,0.24241158266934593
1,1,0.06213450292397649,0.0,0,0.006664524702760244,-0.05741485551749459
2,2,0.0,0.0,0,0.006664524702760244,0.9008909274350941
