,group,selectUtilLoss,orderUtilLoss,maxRankDrop,ndcgLoss,expGain
0,1,0.13888888888888873,0.13888888888888873,7,0.026832917777613985,-0.005679631143451269
1,0,0.13888888888888873,0.13888888888888873,3,0.026832917777613985,0.061246482945623515
2,2,0.0,0.0,0,0.026832917777613985,0.8753777702101152
