,group,selectUtilLoss,orderUtilLoss,maxRankDrop,ndcgLoss,expGain
0,1,0.15204678362573087,0.0,0,0.08139472338454401,-0.032655847111467295
1,0,0.15204678362573087,0.0,0,0.08139472338454401,0.19114616464840062
2,2,0.0,0.0,0,0.08139472338454401,0.9093022639727508
