,group,selectUtilLoss,orderUtilLoss,maxRankDrop,ndcgLoss,expGain
0,1,0.14546783625730986,0.14546783625730986,-21,0.04415783845202237,-0.04163448794451574
1,0,0.14546783625730986,0.14546783625730986,65,0.04415783845202237,0.20589772618391244
2,2,0.0,0.0,0,0.04415783845202237,0.9093022639727508
