,group,selectUtilLoss,orderUtilLoss,maxRankDrop,ndcgLoss,expGain
0,0,0.06213450292397649,0.0,0,0.006664524702760244,0.17982417302138287
1,1,0.06213450292397649,0.0,0,0.006664524702760244,-0.04135104941417722
2,2,0.0,0.0,0,0.006664524702760244,0.8958328406185734
