,group,selectUtilLoss,orderUtilLoss,maxRankDrop,ndcgLoss,expGain
0,1,0.15204678362573087,0.0,0,0.08139472338454401,-0.0758895951389813
1,0,0.15204678362573087,0.0,0,0.08139472338454401,0.19443735096243653
2,2,0.0,0.0,0,0.08139472338454401,0.888447842503079
