,group,selectUtilLoss,orderUtilLoss,maxRankDrop,ndcgLoss,expGain
0,1,0.06213450292397649,0.0,0,0.006664524702760244,-0.05282823437024187
1,0,0.06213450292397649,0.0,0,0.006664524702760244,0.13478944180188235
2,2,0.0,0.0,0,0.006664524702760244,0.8895413949034114
