,group,selectUtilLoss,orderUtilLoss,maxRankDrop,ndcgLoss,expGain
0,0,0.15204678362573087,0.0,0,0.08139472338454401,0.09321202492045633
1,1,0.15204678362573087,0.0,0,0.08139472338454401,-0.07644210374936633
2,2,0.0,0.0,0,0.08139472338454401,0.8541919897047205
