,group,selectUtilLoss,orderUtilLoss,maxRankDrop,ndcgLoss,expGain
0,0,0.15204678362573087,0.0,0,0.08139472338454401,0.12810043134995175
1,1,0.15204678362573087,0.0,0,0.08139472338454401,-0.09605443059078556
2,2,0.0,0.0,0,0.08139472338454401,0.8528438602087066
