,group,selectUtilLoss,orderUtilLoss,maxRankDrop,ndcgLoss,expGain
0,0,0.16666666666666652,0.16666666666666652,65,0.07000247650533198,0.25403977475728345
1,1,0.16666666666666652,0.16666666666666652,21,0.07000247650533198,-0.04128887027429151
2,2,0.0,0.0,0,0.07000247650533198,0.9114168428625898
