,group,selectUtilLoss,orderUtilLoss,maxRankDrop,ndcgLoss,expGain
0,1,0.13888888888888873,0.13888888888888873,-34,0.0,1.3127640232427176
1,0,0.13888888888888873,0.13888888888888873,29,0.0,1.1516291682351631
2,2,0.0,0.0,0,0.0,1.1236953397682303
