,group,selectUtilLoss,orderUtilLoss,maxRankDrop,ndcgLoss,expGain
0,0,0.06213450292397649,0.0,0,0.006664524702760244,0.556809592755663
1,2,0.0,0.0,0,0.006664524702760244,0.9229357848974507
2,1,0.06213450292397649,0.0,0,0.006664524702760244,-0.11971759648901581
