,group,selectUtilLoss,orderUtilLoss,maxRankDrop,ndcgLoss,expGain
0,1,0.06213450292397649,0.0,0,0.006664524702760244,-0.032655847111467295
1,0,0.06213450292397649,0.0,0,0.006664524702760244,0.19114616464840062
2,2,0.0,0.0,0,0.006664524702760244,0.9093022639727508
