,group,selectUtilLoss,orderUtilLoss,maxRankDrop,ndcgLoss,expGain
0,1,0.15204678362573087,0.0,0,0.08139472338454401,0.003210275621880365
1,0,0.15204678362573087,0.0,0,0.08139472338454401,-0.001174557463740511
2,2,0.0,0.0,0,0.08139472338454401,0.8860252714503053
