,group,selectUtilLoss,orderUtilLoss,maxRankDrop,ndcgLoss,expGain
0,0,0.15204678362573087,0.0,0,0.0,1.6645756628508368
1,1,0.15204678362573087,0.0,0,0.0,1.2748453492667555
2,2,0.0,0.0,0,0.0,1.17342888326407
