,group,selectUtilLoss,orderUtilLoss,maxRankDrop,ndcgLoss,expGain
0,1,0.13888888888888873,0.13888888888888873,-13,0.03442027092686695,0.02307616443995575
1,2,0.0,0.0,0,0.03442027092686695,0.908685312711932
2,0,0.13888888888888873,0.13888888888888873,17,0.03442027092686695,-0.07713734504158809
