,group,selectUtilLoss,orderUtilLoss,maxRankDrop,ndcgLoss,expGain
0,1,0.15204678362573087,0.0,0,0.0,1.294472413991104
1,0,0.15204678362573087,0.0,0,0.0,1.5215878666787306
2,2,0.0,0.0,0,0.0,1.1686214159431978
