,group,selectUtilLoss,orderUtilLoss,maxRankDrop,ndcgLoss,expGain
0,1,0.15204678362573087,0.0,0,0.08139472338454401,-0.04163448794451574
1,0,0.15204678362573087,0.0,0,0.08139472338454401,0.20589772618391244
2,2,0.0,0.0,0,0.08139472338454401,0.9093022639727508
