,group,selectUtilLoss,orderUtilLoss,maxRankDrop,ndcgLoss,expGain
0,1,0.15204678362573087,0.0,0,0.08139472338454401,0.10029611515066006
1,0,0.15204678362573087,0.0,0,0.08139472338454401,-0.024513654255363337
2,2,0.0,0.0,0,0.08139472338454401,0.9077685624440615
