,group,selectUtilLoss,orderUtilLoss,maxRankDrop,ndcgLoss,expGain
0,1,0.06213450292397649,0.0,0,0.006664524702760244,0.10318725712619581
1,0,0.06213450292397649,0.0,0,0.006664524702760244,0.23856262290058317
2,2,0.0,0.0,0,0.006664524702760244,0.9414606820308546
