,group,selectUtilLoss,orderUtilLoss,maxRankDrop,ndcgLoss,expGain
0,0,0.13888888888888873,0.13888888888888873,17,0.008325184603380942,0.12810043134995175
1,1,0.13888888888888873,0.13888888888888873,-16,0.008325184603380942,-0.09605443059078556
2,2,0.0,0.0,0,0.008325184603380942,0.8528438602087066
