,group,selectUtilLoss,orderUtilLoss,maxRankDrop,ndcgLoss,expGain
0,0,0.15204678362573087,0.0,0,0.0,1.6330722882739692
1,1,0.15204678362573087,0.0,0,0.0,1.216443494516251
2,2,0.0,0.0,0,0.0,1.1445331375845307
