,group,selectUtilLoss,orderUtilLoss,maxRankDrop,ndcgLoss,expGain
0,0,0.06213450292397649,0.0,0,0.006664524702760244,0.36472062256169957
1,1,0.06213450292397649,0.0,0,0.006664524702760244,-0.0615153330453756
2,2,0.0,0.0,0,0.006664524702760244,0.9213757241402745
