,group,selectUtilLoss,orderUtilLoss,maxRankDrop,ndcgLoss,expGain
0,0,0.15204678362573087,0.0,0,0.08139472338454401,0.5032098389564069
1,1,0.15204678362573087,0.0,0,0.08139472338454401,-0.07855456487259149
2,2,0.0,0.0,0,0.08139472338454401,0.929695214262663
