,group,selectUtilLoss,orderUtilLoss,maxRankDrop,ndcgLoss,expGain
0,1,0.14546783625730986,0.14546783625730986,-21,0.04415783845202237,-0.032655847111467295
1,0,0.14546783625730986,0.13888888888888873,11,0.04415783845202237,0.19114616464840062
2,2,0.0,0.0,0,0.04415783845202237,0.9093022639727508
