,group,selectUtilLoss,orderUtilLoss,maxRankDrop,ndcgLoss,expGain
0,0,0.13888888888888873,0.13888888888888873,0,0.016005035092817255,0.09321202492045633
1,1,0.13888888888888873,0.13888888888888873,9,0.016005035092817255,-0.07644210374936633
2,2,0.0,0.0,0,0.016005035092817255,0.8541919897047205
