,group,selectUtilLoss,orderUtilLoss,maxRankDrop,ndcgLoss,expGain
0,0,0.15204678362573087,0.0,0,0.08139472338454401,0.25403977475728345
1,1,0.15204678362573087,0.0,0,0.08139472338454401,-0.04128887027429151
2,2,0.0,0.0,0,0.08139472338454401,0.9114168428625898
