,group,selectUtilLoss,orderUtilLoss,maxRankDrop,ndcgLoss,expGain
0,1,0.13888888888888873,0.13888888888888873,-12,0.02039034799003603,0.003210275621880365
1,0,0.13888888888888873,0.13888888888888873,18,0.02039034799003603,-0.001174557463740511
2,2,0.0,0.0,0,0.02039034799003603,0.8860252714503053
