,group,selectUtilLoss,orderUtilLoss,maxRankDrop,ndcgLoss,expGain
0,1,0.06213450292397649,0.0,0,0.006664524702760244,0.0698585489537511
1,0,0.06213450292397649,0.0,0,0.006664524702760244,0.022454499417383533
2,2,0.0,0.0,0,0.006664524702760244,0.8824917365382348
