,group,selectUtilLoss,orderUtilLoss,maxRankDrop,ndcgLoss,expGain
0,1,0.15204678362573087,0.0,0,0.08139472338454401,0.10318725712619581
1,0,0.15204678362573087,0.0,0,0.08139472338454401,0.23856262290058317
2,2,0.0,0.0,0,0.08139472338454401,0.9414606820308546
