,group,selectUtilLoss,orderUtilLoss,maxRankDrop,ndcgLoss,expGain
0,1,0.06213450292397649,0.0,0,0.006664524702760244,0.02307616443995575
1,2,0.0,0.0,0,0.006664524702760244,0.908685312711932
2,0,0.06213450292397649,0.0,0,0.006664524702760244,-0.07713734504158809
