,group,selectUtilLoss,orderUtilLoss,maxRankDrop,ndcgLoss,expGain
0,0,0.15204678362573087,0.0,0,0.08139472338454401,0.13501185652688374
1,1,0.15204678362573087,0.0,0,0.08139472338454401,-0.018448434822728954
2,2,0.0,0.0,0,0.08139472338454401,0.8994153932485223
