,group,selectUtilLoss,orderUtilLoss,maxRankDrop,ndcgLoss,expGain
0,0,0.06213450292397649,0.0,0,0.006664524702760244,0.22892003661338178
1,1,0.06213450292397649,0.0,0,0.006664524702760244,-0.07250692553286331
2,2,0.0,0.0,0,0.006664524702760244,0.9022666913208829
