,group,selectUtilLoss,orderUtilLoss,maxRankDrop,ndcgLoss,expGain
0,1,0.15204678362573087,0.0,0,0.08139472338454401,0.02307616443995575
1,2,0.0,0.0,0,0.08139472338454401,0.908685312711932
2,0,0.15204678362573087,0.0,0,0.08139472338454401,-0.07713734504158809
