,group,selectUtilLoss,orderUtilLoss,maxRankDrop,ndcgLoss,expGain
0,0,0.06213450292397649,0.0,0,0.006664524702760244,0.15134688995830647
1,1,0.06213450292397649,0.0,0,0.006664524702760244,-0.11096160890832418
2,2,0.0,0.0,0,0.006664524702760244,0.849459525968518
