,group,selectUtilLoss,orderUtilLoss,maxRankDrop,ndcgLoss,expGain
0,1,0.15204678362573087,0.0,0,0.08139472338454401,-0.009116524512547963
1,2,0.0,0.0,0,0.08139472338454401,0.9093756505639147
2,0,0.15204678362573087,0.0,0,0.08139472338454401,-0.024700145961351727
