,group,selectUtilLoss,orderUtilLoss,maxRankDrop,ndcgLoss,expGain
0,0,0.13888888888888873,0.13888888888888873,9,0.02848941678659389,0.05443705263388898
1,1,0.13888888888888873,0.13888888888888873,-7,0.02848941678659389,-0.0028674458400093084
2,2,0.0,0.0,0,0.02848941678659389,0.8879827128091896
