,group,selectUtilLoss,orderUtilLoss,maxRankDrop,ndcgLoss,expGain
0,1,0.13888888888888873,0.13888888888888873,-4,0.018912769156812392,0.008876828923414903
1,0,0.13888888888888873,0.13888888888888873,10,0.018912769156812392,0.009896855248449632
2,2,0.0,0.0,0,0.018912769156812392,0.8750569630698225
