,group,selectUtilLoss,orderUtilLoss,maxRankDrop,ndcgLoss,expGain
0,1,0.06213450292397649,0.0,0,0.006664524702760244,-0.007271085497748464
1,2,0.0,0.0,0,0.006664524702760244,0.8940710384581646
2,0,0.06213450292397649,0.0,0,0.006664524702760244,-0.17678166444034993
