,group,selectUtilLoss,orderUtilLoss,maxRankDrop,ndcgLoss,expGain
0,0,0.13888888888888873,0.13888888888888873,24,0.010004661726360387,0.22892003661338178
1,1,0.13888888888888873,0.13888888888888873,-34,0.010004661726360387,-0.07250692553286331
2,2,0.0,0.0,0,0.010004661726360387,0.9022666913208829
