,group,selectUtilLoss,orderUtilLoss,maxRankDrop,ndcgLoss,expGain
0,0,0.14546783625730986,0.14546783625730986,73,0.04928371772101936,0.5032098389564069
1,1,0.14546783625730986,0.14546783625730986,-34,0.04928371772101936,-0.07855456487259149
2,2,0.0,0.0,0,0.04928371772101936,0.929695214262663
