,group,selectUtilLoss,orderUtilLoss,maxRankDrop,ndcgLoss,expGain
0,0,0.17324561403508765,0.17324561403508765,68,0.09049637195841675,0.28709291059894826
1,1,0.17324561403508765,0.17324561403508765,36,0.09049637195841675,0.022725349250754423
2,2,0.0,0.0,0,0.09049637195841675,0.9225514289626986
