,group,selectUtilLoss,orderUtilLoss,maxRankDrop,ndcgLoss,expGain
0,0,0.06213450292397649,0.0,0,0.006664524702760244,0.21531698594331072
1,1,0.06213450292397649,0.0,0,0.006664524702760244,-0.06391891363278135
2,2,0.0,0.0,0,0.006664524702760244,0.8987069626404557
