,group,selectUtilLoss,orderUtilLoss,maxRankDrop,ndcgLoss,expGain
0,0,0.15204678362573087,0.0,0,0.08139472338454401,0.17982417302138287
1,1,0.15204678362573087,0.0,0,0.08139472338454401,-0.04135104941417722
2,2,0.0,0.0,0,0.08139472338454401,0.8958328406185734
