,group,selectUtilLoss,orderUtilLoss,maxRankDrop,ndcgLoss,expGain
0,0,0.06213450292397649,0.0,0,0.006664524702760244,0.6876737987147313
1,1,0.06213450292397649,0.0,0,0.006664524702760244,-0.08518991845906876
2,2,0.0,0.0,0,0.006664524702760244,0.9216122406700965
