,group,selectUtilLoss,orderUtilLoss,maxRankDrop,ndcgLoss,expGain
0,0,0.13888888888888873,0.13888888888888873,20,0.008476384224209488,0.13057718228684012
1,1,0.13888888888888873,0.13888888888888873,-25,0.008476384224209488,-0.08027140152792955
2,2,0.0,0.0,0,0.008476384224209488,0.8713019879674658
