,group,selectUtilLoss,orderUtilLoss,maxRankDrop,ndcgLoss,expGain
0,0,0.15204678362573087,0.0,0,0.08139472338454401,0.13057718228684012
1,1,0.15204678362573087,0.0,0,0.08139472338454401,-0.08027140152792955
2,2,0.0,0.0,0,0.08139472338454401,0.8713019879674658
