,group,selectUtilLoss,orderUtilLoss,maxRankDrop,ndcgLoss,expGain
0,0,0.06213450292397649,0.0,0,0.006664524702760244,0.28709291059894826
1,1,0.06213450292397649,0.0,0,0.006664524702760244,0.022725349250754423
2,2,0.0,0.0,0,0.006664524702760244,0.9225514289626986
