,group,selectUtilLoss,orderUtilLoss,maxRankDrop,ndcgLoss,expGain
0,1,0.15204678362573087,0.0,0,0.08139472338454401,0.04868473416567953
1,0,0.15204678362573087,0.0,0,0.08139472338454401,-0.07517276124837158
2,2,0.0,0.0,0,0.08139472338454401,0.8456886570413576
