,group,selectUtilLoss,orderUtilLoss,maxRankDrop,ndcgLoss,expGain
0,1,0.06213450292397649,0.0,0,0.006664524702760244,0.04868473416567953
1,0,0.06213450292397649,0.0,0,0.006664524702760244,-0.07517276124837158
2,2,0.0,0.0,0,0.006664524702760244,0.8456886570413576
