,group,selectUtilLoss,orderUtilLoss,maxRankDrop,ndcgLoss,expGain
0,0,0.15204678362573087,0.0,0,0.08139472338454401,0.6816681274430948
1,2,0.0,0.0,0,0.08139472338454401,0.9374371039511951
2,1,0.15204678362573087,0.0,0,0.08139472338454401,-0.10620083524834578
