,group,selectUtilLoss,orderUtilLoss,maxRankDrop,ndcgLoss,expGain
0,1,0.06213450292397649,0.0,0,0.006664524702760244,-0.009116524512547963
1,2,0.0,0.0,0,0.006664524702760244,0.9093756505639147
2,0,0.06213450292397649,0.0,0,0.006664524702760244,-0.024700145961351727
