,group,selectUtilLoss,orderUtilLoss,maxRankDrop,ndcgLoss,expGain
0,1,0.13888888888888873,0.13888888888888873,-31,0.00575948273609872,0.04868473416567953
1,0,0.13888888888888873,0.13888888888888873,25,0.00575948273609872,-0.07517276124837158
2,2,0.0,0.0,0,0.00575948273609872,0.8456886570413576
