,group,selectUtilLoss,orderUtilLoss,maxRankDrop,ndcgLoss,expGain
0,0,0.15204678362573087,0.0,0,0.08139472338454401,0.24018292116002427
1,1,0.15204678362573087,0.0,0,0.08139472338454401,-0.06697710088309627
2,2,0.0,0.0,0,0.08139472338454401,0.8987069626404557
