,group,selectUtilLoss,orderUtilLoss,maxRankDrop,ndcgLoss,expGain
0,0,0.06213450292397649,0.0,0,0.006664524702760244,0.3511058389703051
1,1,0.06213450292397649,0.0,0,0.006664524702760244,-0.049263121306680646
2,2,0.0,0.0,0,0.006664524702760244,0.9114168428625898
