,group,selectUtilLoss,orderUtilLoss,maxRankDrop,ndcgLoss,expGain
0,0,0.15204678362573087,0.15204678362573087,70,0.05930658055455196,0.556809592755663
1,2,0.0,0.0,0,0.05930658055455196,0.9229357848974507
2,1,0.15204678362573087,0.15204678362573087,-10,0.05930658055455196,-0.11971759648901581
