,group,selectUtilLoss,orderUtilLoss,maxRankDrop,ndcgLoss,expGain
0,0,0.16666666666666652,0.16666666666666652,65,0.07000247650533198,0.3511058389703051
1,1,0.16666666666666652,0.16666666666666652,16,0.07000247650533198,-0.049263121306680646
2,2,0.0,0.0,0,0.07000247650533198,0.9114168428625898
