,group,selectUtilLoss,orderUtilLoss,maxRankDrop,ndcgLoss,expGain
0,0,0.13888888888888873,0.13888888888888873,4,0.03287107034062442,0.27306827234796305
1,1,0.13888888888888873,0.13888888888888873,4,0.03287107034062442,-0.1192963896968865
2,2,0.0,0.0,0,0.03287107034062442,0.9008909274350941
