,group,selectUtilLoss,orderUtilLoss,maxRankDrop,ndcgLoss,expGain
0,1,0.06213450292397649,0.0,0,0.0,1.3127640232427176
1,0,0.06213450292397649,0.0,0,0.0,1.1516291682351631
2,2,0.0,0.0,0,0.0,1.1236953397682303
