,group,selectUtilLoss,orderUtilLoss,maxRankDrop,ndcgLoss,expGain
0,0,0.15204678362573087,0.0,0,0.08139472338454401,0.27306827234796305
1,1,0.15204678362573087,0.0,0,0.08139472338454401,-0.1192963896968865
2,2,0.0,0.0,0,0.08139472338454401,0.9008909274350941
