,group,selectUtilLoss,orderUtilLoss,maxRankDrop,ndcgLoss,expGain
0,1,0.13888888888888873,0.13888888888888873,-56,0.01119878763314186,-0.007271085497748464
1,2,0.0,0.0,0,0.01119878763314186,0.8940710384581646
2,0,0.13888888888888873,0.13888888888888873,39,0.01119878763314186,-0.17678166444034993
