,group,selectUtilLoss,orderUtilLoss,maxRankDrop,ndcgLoss,expGain
0,0,0.13888888888888873,0.13888888888888873,17,0.007033398577490191,0.15134688995830647
1,1,0.13888888888888873,0.13888888888888873,-26,0.007033398577490191,-0.11096160890832418
2,2,0.0,0.0,0,0.007033398577490191,0.849459525968518
