,group,selectUtilLoss,orderUtilLoss,maxRankDrop,ndcgLoss,expGain
0,0,0.13888888888888873,0.13888888888888873,17,0.022160053230809384,0.3662658055671809
1,1,0.13888888888888873,0.13888888888888873,-7,0.022160053230809384,-0.11460312381373516
2,2,0.0,0.0,0,0.022160053230809384,0.90861446978157
