,group,selectUtilLoss,orderUtilLoss,maxRankDrop,ndcgLoss,expGain
0,1,0.13888888888888873,0.13888888888888873,-34,0.009885246751224708,-0.05282823437024187
1,0,0.13888888888888873,0.13888888888888873,32,0.009885246751224708,0.13478944180188235
2,2,0.0,0.0,0,0.009885246751224708,0.8895413949034114
