,group,selectUtilLoss,orderUtilLoss,maxRankDrop,ndcgLoss,expGain
0,0,0.06213450292397649,0.0,0,0.006664524702760244,0.05443705263388898
1,1,0.06213450292397649,0.0,0,0.006664524702760244,-0.0028674458400093084
2,2,0.0,0.0,0,0.006664524702760244,0.8879827128091896
