,group,selectUtilLoss,orderUtilLoss,maxRankDrop,ndcgLoss,expGain
0,0,0.15204678362573087,0.0,0,0.08139472338454401,0.36472062256169957
1,1,0.15204678362573087,0.0,0,0.08139472338454401,-0.0615153330453756
2,2,0.0,0.0,0,0.08139472338454401,0.9213757241402745
