,group,selectUtilLoss,orderUtilLoss,maxRankDrop,ndcgLoss,expGain
0,0,0.13888888888888873,0.13888888888888873,11,0.03287107034062442,0.24241158266934593
1,1,0.13888888888888873,0.13888888888888873,-1,0.03287107034062442,-0.05741485551749459
2,2,0.0,0.0,0,0.03287107034062442,0.9008909274350941
