,group,selectUtilLoss,orderUtilLoss,maxRankDrop,ndcgLoss,expGain
0,1,0.06213450292397649,0.0,0,0.006664524702760244,-0.0758895951389813
1,0,0.06213450292397649,0.0,0,0.006664524702760244,0.19443735096243653
2,2,0.0,0.0,0,0.006664524702760244,0.888447842503079
