,group,selectUtilLoss,orderUtilLoss,maxRankDrop,ndcgLoss,expGain
0,1,0.15204678362573087,0.0,0,0.08139472338454401,-0.02461022803534485
1,0,0.15204678362573087,0.0,0,0.08139472338454401,0.028418723851333705
2,2,0.0,0.0,0,0.08139472338454401,0.8895413949034114
