,group,selectUtilLoss,orderUtilLoss,maxRankDrop,ndcgLoss,expGain
0,1,0.15204678362573087,0.15204678362573087,2,0.05701019423932463,0.10029611515066006
1,0,0.15204678362573087,0.14546783625730986,53,0.05701019423932463,-0.024513654255363337
2,2,0.0,0.0,0,0.05701019423932463,0.9077685624440615
