,group,selectUtilLoss,orderUtilLoss,maxRankDrop,ndcgLoss,expGain
0,1,0.15204678362573087,0.0,0,0.08139472338454401,-0.025942807909981047
1,0,0.15204678362573087,0.0,0,0.08139472338454401,0.03901500691166826
2,2,0.0,0.0,0,0.08139472338454401,0.874447638408812
