,group,selectUtilLoss,orderUtilLoss,maxRankDrop,ndcgLoss,expGain
0,1,0.06213450292397649,0.0,0,0.006664524702760244,0.008876828923414903
1,0,0.06213450292397649,0.0,0,0.006664524702760244,0.009896855248449632
2,2,0.0,0.0,0,0.006664524702760244,0.8750569630698225
