,group,selectUtilLoss,orderUtilLoss,maxRankDrop,ndcgLoss,expGain
0,1,0.06213450292397649,0.0,0,0.006664524702760244,0.10029611515066006
1,0,0.06213450292397649,0.0,0,0.006664524702760244,-0.024513654255363337
2,2,0.0,0.0,0,0.006664524702760244,0.9077685624440615
