,group,selectUtilLoss,orderUtilLoss,maxRankDrop,ndcgLoss,expGain
0,0,0.15204678362573087,0.0,0,0.08139472338454401,0.28709291059894826
1,1,0.15204678362573087,0.0,0,0.08139472338454401,0.022725349250754423
2,2,0.0,0.0,0,0.08139472338454401,0.9225514289626986
