,group,selectUtilLoss,orderUtilLoss,maxRankDrop,ndcgLoss,expGain
0,0,0.06213450292397649,0.0,0,0.006664524702760244,0.4605994417835634
1,1,0.06213450292397649,0.0,0,0.006664524702760244,-0.04233695582313124
2,2,0.0,0.0,0,0.006664524702760244,0.9388886743449896
