,group,selectUtilLoss,orderUtilLoss,maxRankDrop,ndcgLoss,expGain
0,1,0.06213450292397649,0.0,0,0.006664524702760244,-0.005679631143451269
1,0,0.06213450292397649,0.0,0,0.006664524702760244,0.061246482945623515
2,2,0.0,0.0,0,0.006664524702760244,0.8753777702101152
