,group,selectUtilLoss,orderUtilLoss,maxRankDrop,ndcgLoss,expGain
0,0,0.06213450292397649,0.0,0,0.006664524702760244,0.13501185652688374
1,1,0.06213450292397649,0.0,0,0.006664524702760244,-0.018448434822728954
2,2,0.0,0.0,0,0.006664524702760244,0.8994153932485223
