,group,selectUtilLoss,orderUtilLoss,maxRankDrop,ndcgLoss,expGain
0,0,0.15204678362573087,0.0,0,0.08139472338454401,0.22892003661338178
1,1,0.15204678362573087,0.0,0,0.08139472338454401,-0.07250692553286331
2,2,0.0,0.0,0,0.08139472338454401,0.9022666913208829
