,group,selectUtilLoss,orderUtilLoss,maxRankDrop,ndcgLoss,expGain
0,0,0.06213450292397649,0.0,0,0.006664524702760244,0.6816681274430948
1,2,0.0,0.0,0,0.006664524702760244,0.9374371039511951
2,1,0.06213450292397649,0.0,0,0.006664524702760244,-0.10620083524834578
