,group,selectUtilLoss,orderUtilLoss,maxRankDrop,ndcgLoss,expGain
0,0,0.14546783625730986,0.13888888888888873,5,0.042257192437704316,0.17982417302138287
1,1,0.14546783625730986,0.14546783625730986,-11,0.042257192437704316,-0.04135104941417722
2,2,0.0,0.0,0,0.042257192437704316,0.8958328406185734
