,group,selectUtilLoss,orderUtilLoss,maxRankDrop,ndcgLoss,expGain
0,0,0.15204678362573087,0.0,0,0.08139472338454401,0.3511058389703051
1,1,0.15204678362573087,0.0,0,0.08139472338454401,-0.049263121306680646
2,2,0.0,0.0,0,0.08139472338454401,0.9114168428625898
