,group,selectUtilLoss,orderUtilLoss,maxRankDrop,ndcgLoss,expGain
0,0,0.06213450292397649,0.0,0,0.006664524702760244,0.13057718228684012
1,1,0.06213450292397649,0.0,0,0.006664524702760244,-0.08027140152792955
2,2,0.0,0.0,0,0.006664524702760244,0.8713019879674658
