,group,selectUtilLoss,orderUtilLoss,maxRankDrop,ndcgLoss,expGain
0,1,0.15204678362573087,0.0,0,0.08139472338454401,-0.007271085497748464
1,2,0.0,0.0,0,0.08139472338454401,0.8940710384581646
2,0,0.15204678362573087,0.0,0,0.08139472338454401,-0.17678166444034993
