,group,selectUtilLoss,orderUtilLoss,maxRankDrop,ndcgLoss,expGain
0,1,0.06213450292397649,0.0,0,0.006664524702760244,0.1104008004059287
1,2,0.0,0.0,0,0.006664524702760244,0.9077685624440615
2,0,0.06213450292397649,0.0,0,0.006664524702760244,-0.02352361256151858
