,group,selectUtilLoss,orderUtilLoss,maxRankDrop,ndcgLoss,expGain
0,1,0.15204678362573087,0.15204678362573087,9,0.05701019423932463,0.1104008004059287
1,2,0.0,0.0,0,0.05701019423932463,0.9077685624440615
2,0,0.15204678362573087,0.14546783625730986,49,0.05701019423932463,-0.02352361256151858
