,group,selectUtilLoss,orderUtilLoss,maxRankDrop,ndcgLoss,expGain
0,1,0.13888888888888873,0.13888888888888873,-4,0.03639338425693972,-0.010562702854961303
1,2,0.0,0.0,0,0.03639338425693972,0.932664822640759
2,0,0.13888888888888873,0.13888888888888873,22,0.03639338425693972,0.04765521513946036
