,group,selectUtilLoss,orderUtilLoss,maxRankDrop,ndcgLoss,expGain
0,1,0.15204678362573087,0.0,0,0.08139472338454401,0.008876828923414903
1,0,0.15204678362573087,0.0,0,0.08139472338454401,0.009896855248449632
2,2,0.0,0.0,0,0.08139472338454401,0.8750569630698225
