,group,selectUtilLoss,orderUtilLoss,maxRankDrop,ndcgLoss,expGain
0,0,0.14546783625730986,0.14546783625730986,74,0.047349092582866126,0.36472062256169957
1,1,0.14546783625730986,0.14546783625730986,-30,0.047349092582866126,-0.0615153330453756
2,2,0.0,0.0,0,0.047349092582866126,0.9213757241402745
