,group,selectUtilLoss,orderUtilLoss,maxRankDrop,ndcgLoss,expGain
0,1,0.15204678362573087,0.15204678362573087,2,0.0,1.5967369532297835
1,0,0.15204678362573087,0.14546783625730986,53,0.0,1.0312881021312748
2,2,0.0,0.0,0,0.0,1.1651345656702776
