,group,selectUtilLoss,orderUtilLoss,maxRankDrop,ndcgLoss,expGain
0,1,0.1944444444444443,0.1944444444444443,55,0.11276293526704106,0.10318725712619581
1,0,0.1944444444444443,0.1944444444444443,70,0.11276293526704106,0.23856262290058317
2,2,0.0,0.0,0,0.11276293526704106,0.9414606820308546
