,group,selectUtilLoss,orderUtilLoss,maxRankDrop,ndcgLoss,expGain
0,0,0.13888888888888873,0.13888888888888873,12,0.017519628003385246,0.12309893968328811
1,1,0.13888888888888873,0.13888888888888873,-11,0.017519628003385246,-0.06119613150270742
2,2,0.0,0.0,0,0.017519628003385246,0.8697780602955572
