,group,selectUtilLoss,orderUtilLoss,maxRankDrop,ndcgLoss,expGain
0,0,0.15204678362573087,0.0,0,0.08139472338454401,0.15134688995830647
1,1,0.15204678362573087,0.0,0,0.08139472338454401,-0.11096160890832418
2,2,0.0,0.0,0,0.08139472338454401,0.849459525968518
