,group,selectUtilLoss,orderUtilLoss,maxRankDrop,ndcgLoss,expGain
0,0,0.06213450292397649,0.0,0,0.006664524702760244,0.5032098389564069
1,1,0.06213450292397649,0.0,0,0.006664524702760244,-0.07855456487259149
2,2,0.0,0.0,0,0.006664524702760244,0.929695214262663
