,group,selectUtilLoss,orderUtilLoss,maxRankDrop,ndcgLoss,expGain
0,1,0.13888888888888873,0.13888888888888873,-34,0.009885246751224708,-0.02461022803534485
1,0,0.13888888888888873,0.13888888888888873,29,0.009885246751224708,0.028418723851333705
2,2,0.0,0.0,0,0.009885246751224708,0.8895413949034114
