,group,selectUtilLoss,orderUtilLoss,maxRankDrop,ndcgLoss,expGain
0,1,0.06213450292397649,0.0,0,0.006664524702760244,-0.04163448794451574
1,0,0.06213450292397649,0.0,0,0.006664524702760244,0.20589772618391244
2,2,0.0,0.0,0,0.006664524702760244,0.9093022639727508
