,group,selectUtilLoss,orderUtilLoss,maxRankDrop,ndcgLoss,expGain
0,0,0.06213450292397649,0.0,0,0.006664524702760244,0.27306827234796305
1,1,0.06213450292397649,0.0,0,0.006664524702760244,-0.1192963896968865
2,2,0.0,0.0,0,0.006664524702760244,0.9008909274350941
