,group,selectUtilLoss,orderUtilLoss,maxRankDrop,ndcgLoss,expGain
0,0,0.15204678362573087,0.0,0,0.08139472338454401,0.05443705263388898
1,1,0.15204678362573087,0.0,0,0.08139472338454401,-0.0028674458400093084
2,2,0.0,0.0,0,0.08139472338454401,0.8879827128091896
