,group,selectUtilLoss,orderUtilLoss,maxRankDrop,ndcgLoss,expGain
0,0,0.16666666666666652,0.15204678362573087,78,0.06322101508852251,0.4605994417835634
1,1,0.16666666666666652,0.16666666666666652,-17,0.06322101508852251,-0.04233695582313124
2,2,0.0,0.0,0,0.06322101508852251,0.9388886743449896
