,group,selectUtilLoss,orderUtilLoss,maxRankDrop,ndcgLoss,expGain
0,0,0.13888888888888873,0.13888888888888873,18,0.020686445729473202,0.21531698594331072
1,1,0.13888888888888873,0.13888888888888873,-14,0.020686445729473202,-0.06391891363278135
2,2,0.0,0.0,0,0.020686445729473202,0.8987069626404557
