,group,selectUtilLoss,orderUtilLoss,maxRankDrop,ndcgLoss,expGain
0,0,0.16666666666666652,0.16666666666666652,65,0.0,1.6645756628508368
1,1,0.16666666666666652,0.16666666666666652,21,0.0,1.2748453492667555
2,2,0.0,0.0,0,0.0,1.17342888326407
