,group,selectUtilLoss,orderUtilLoss,maxRankDrop,ndcgLoss,expGain
0,0,0.06213450292397649,0.0,0,0.006664524702760244,0.25403977475728345
1,1,0.06213450292397649,0.0,0,0.006664524702760244,-0.04128887027429151
2,2,0.0,0.0,0,0.006664524702760244,0.9114168428625898
