,group,selectUtilLoss,orderUtilLoss,maxRankDrop,ndcgLoss,expGain
0,0,0.06213450292397649,0.0,0,0.006664524702760244,0.09321202492045633
1,1,0.06213450292397649,0.0,0,0.006664524702760244,-0.07644210374936633
2,2,0.0,0.0,0,0.006664524702760244,0.8541919897047205
