,group,selectUtilLoss,orderUtilLoss,maxRankDrop,ndcgLoss,expGain
0,1,0.06213450292397649,0.0,0,0.006664524702760244,-0.010562702854961303
1,2,0.0,0.0,0,0.006664524702760244,0.932664822640759
2,0,0.06213450292397649,0.0,0,0.006664524702760244,0.04765521513946036
