,group,selectUtilLoss,orderUtilLoss,maxRankDrop,ndcgLoss,expGain
0,1,0.06213450292397649,0.0,0,0.006664524702760244,0.030624263784484684
1,0,0.06213450292397649,0.0,0,0.006664524702760244,0.2743572852046753
2,2,0.0,0.0,0,0.006664524702760244,0.9418184893472686
