,group,selectUtilLoss,orderUtilLoss,maxRankDrop,ndcgLoss,expGain
0,0,0.15204678362573087,0.0,0,0.08139472338454401,0.4605994417835634
1,1,0.15204678362573087,0.0,0,0.08139472338454401,-0.04233695582313124
2,2,0.0,0.0,0,0.08139472338454401,0.9388886743449896
