,group,selectUtilLoss,orderUtilLoss,maxRankDrop,ndcgLoss,expGain
0,1,0.15204678362573087,0.0,0,0.08139472338454401,0.0698585489537511
1,0,0.15204678362573087,0.0,0,0.08139472338454401,0.022454499417383533
2,2,0.0,0.0,0,0.08139472338454401,0.8824917365382348
