,group,selectUtilLoss,orderUtilLoss,maxRankDrop,ndcgLoss,expGain
0,0,0.14546783625730986,0.14546783625730986,33,0.053760817305286035,0.13501185652688374
1,1,0.14546783625730986,0.14546783625730986,27,0.053760817305286035,-0.018448434822728954
2,2,0.0,0.0,0,0.053760817305286035,0.8994153932485223
