,group,selectUtilLoss,orderUtilLoss,maxRankDrop,ndcgLoss,expGain
0,1,0.13888888888888873,0.13888888888888873,9,0.031175141515709215,-0.0758895951389813
1,0,0.13888888888888873,0.13888888888888873,-2,0.031175141515709215,0.19443735096243653
2,2,0.0,0.0,0,0.031175141515709215,0.888447842503079
