,group,selectUtilLoss,orderUtilLoss,maxRankDrop,ndcgLoss,expGain
0,0,0.16666666666666652,0.16666666666666652,72,0.07379188395878555,0.6876737987147313
1,1,0.16666666666666652,0.16666666666666652,-2,0.07379188395878555,-0.08518991845906876
2,2,0.0,0.0,0,0.07379188395878555,0.9216122406700965
