,group,selectUtilLoss,orderUtilLoss,maxRankDrop,ndcgLoss,expGain
0,1,0.15204678362573087,0.0,0,0.08139472338454401,-0.010562702854961303
1,2,0.0,0.0,0,0.08139472338454401,0.932664822640759
2,0,0.15204678362573087,0.0,0,0.08139472338454401,0.04765521513946036
