,group,selectUtilLoss,orderUtilLoss,maxRankDrop,ndcgLoss,expGain
0,1,0.1929824561403507,0.1929824561403507,24,0.09375622152178575,0.030624263784484684
1,0,0.1929824561403507,0.16666666666666652,69,0.09375622152178575,0.2743572852046753
2,2,0.0,0.0,0,0.09375622152178575,0.9418184893472686
