,group,selectUtilLoss,orderUtilLoss,maxRankDrop,ndcgLoss,expGain
0,0,0.06213450292397649,0.0,0,0.006664524702760244,0.12309893968328811
1,1,0.06213450292397649,0.0,0,0.006664524702760244,-0.06119613150270742
2,2,0.0,0.0,0,0.006664524702760244,0.8697780602955572
