,group,selectUtilLoss,orderUtilLoss,maxRankDrop,ndcgLoss,expGain
0,1,0.06213450292397649,0.0,0,0.006664524702760244,-0.02461022803534485
1,0,0.06213450292397649,0.0,0,0.006664524702760244,0.028418723851333705
2,2,0.0,0.0,0,0.006664524702760244,0.8895413949034114
