,group,selectUtilLoss,orderUtilLoss,maxRankDrop,ndcgLoss,expGain
0,1,0.13888888888888873,0.13888888888888873,-17,0.02352920395742364,-0.009116524512547963
1,2,0.0,0.0,0,0.02352920395742364,0.9093756505639147
2,0,0.13888888888888873,0.13888888888888873,21,0.02352920395742364,-0.024700145961351727
