,group,selectUtilLoss,orderUtilLoss,maxRankDrop,ndcgLoss,expGain
0,1,0.06213450292397649,0.0,0,0.0,1.5967369532297835
1,0,0.06213450292397649,0.0,0,0.0,1.0312881021312748
2,2,0.0,0.0,0,0.0,1.1651345656702776
