,group,selectUtilLoss,orderUtilLoss,maxRankDrop,ndcgLoss,expGain
0,1,0.06213450292397649,0.0,0,0.006664524702760244,-0.025942807909981047
1,0,0.06213450292397649,0.0,0,0.006664524702760244,0.03901500691166826
2,2,0.0,0.0,0,0.006664524702760244,0.874447638408812
