,group,selectUtilLoss,orderUtilLoss,maxRankDrop,ndcgLoss,expGain
0,0,0.16666666666666652,0.16666666666666652,81,0.07806094113018691,0.6816681274430948
1,2,0.0,0.0,0,0.07806094113018691,0.9374371039511951
2,1,0.16666666666666652,0.16666666666666652,7,0.07806094113018691,-0.10620083524834578
