,group,selectUtilLoss,orderUtilLoss,maxRankDrop,ndcgLoss,expGain
0,1,0.06213450292397649,0.0,0,0.006664524702760244,0.003210275621880365
1,0,0.06213450292397649,0.0,0,0.006664524702760244,-0.001174557463740511
2,2,0.0,0.0,0,0.006664524702760244,0.8860252714503053
