,group,selectUtilLoss,orderUtilLoss,maxRankDrop,ndcgLoss,expGain
0,1,0.13888888888888873,0.13888888888888873,-39,0.0097465264818134,-0.025942807909981047
1,0,0.13888888888888873,0.13888888888888873,27,0.0097465264818134,0.03901500691166826
2,2,0.0,0.0,0,0.0097465264818134,0.874447638408812
