,group,selectUtilLoss,orderUtilLoss,maxRankDrop,ndcgLoss,expGain
0,0,0.06213450292397649,0.0,0,0.006664524702760244,0.24018292116002427
1,1,0.06213450292397649,0.0,0,0.006664524702760244,-0.06697710088309627
2,2,0.0,0.0,0,0.006664524702760244,0.8987069626404557
