,group,selectUtilLoss,orderUtilLoss,maxRankDrop,ndcgLoss,expGain
0,0,0.06213450292397649,0.0,0,0.006664524702760244,0.3662658055671809
1,1,0.06213450292397649,0.0,0,0.006664524702760244,-0.11460312381373516
2,2,0.0,0.0,0,0.006664524702760244,0.90861446978157
