,group,selectUtilLoss,orderUtilLoss,maxRankDrop,ndcgLoss,expGain
0,0,0.06213450292397649,0.0,0,0.006664524702760244,0.12810043134995175
1,1,0.06213450292397649,0.0,0,0.006664524702760244,-0.09605443059078556
2,2,0.0,0.0,0,0.006664524702760244,0.8528438602087066
