,group,selectUtilLoss,orderUtilLoss,maxRankDrop,ndcgLoss,expGain
0,0,0.13888888888888873,0.13888888888888873,4,0.0,1.7078367020922978
1,1,0.13888888888888873,0.13888888888888873,4,0.0,1.0974962788639058
2,2,0.0,0.0,0,0.0,1.1494983528482463
