,group,selectUtilLoss,orderUtilLoss,maxRankDrop,ndcgLoss,expGain
0,0,0.13889330460321148,0.0,0,0.03740428496485637,-14.420002147125931
1,1,0.13889339364988906,0.0,0,0.03740428496485637,-4.380825634281038
2,2,0.0,0.0,0,0.03740428496485637,18.80082778140697
