,group,selectUtilLoss,orderUtilLoss,maxRankDrop,ndcgLoss,expGain
0,1,0.13889339364988906,0.0,0,0.03740426480616288,-9.520776477585294
1,0,0.13889330460321148,0.0,0,0.03740426480616288,-11.543405321001796
2,2,0.0,0.0,0,0.03740426480616288,21.064181798587096
