,group,selectUtilLoss,orderUtilLoss,maxRankDrop,ndcgLoss,expGain
0,1,0.14546783625730986,0.14546783625730986,-62,0.023243497049612927,-0.006939420836660881
1,0,0.14546783625730986,0.14546783625730986,109,0.023243497049612927,0.06338850741943447
2,2,0.0,0.0,0,0.023243497049612927,0.9231066735313775
