,group,selectUtilLoss,orderUtilLoss,maxRankDrop,ndcgLoss,expGain
0,1,0.15204678362573087,0.0,0,0.049781481895179835,0.06755151338456389
1,2,0.0,0.0,0,0.049781481895179835,0.9425352818372512
2,0,0.15204678362573087,0.0,0,0.049781481895179835,-0.017494536291167817
