,group,selectUtilLoss,orderUtilLoss,maxRankDrop,ndcgLoss,expGain
0,1,0.13889339364988906,0.1388937531016773,167,0.03740426480616288,-8.728513460547088
1,2,0.0,0.0,0,0.03740426480616288,21.94566262012342
2,0,0.13889330460321148,0.0,0,0.03740426480616288,-13.217149159576325
