,group,selectUtilLoss,orderUtilLoss,maxRankDrop,ndcgLoss,expGain
0,0,0.06213825511805182,0.0,0,0.004460451926646014,0.03642158010416363
1,1,0.06213761664034245,0.0,0,0.004460451926646014,0.002324585621298114
2,2,0.0,0.0,0,0.004460451926646014,0.9179301254197832
