,group,selectUtilLoss,orderUtilLoss,maxRankDrop,ndcgLoss,expGain
0,0,0.11111287197335995,0.0,0,0.004756515898325264,-10.677803991022525
1,1,0.11111296102003754,0.0,0,0.004756515898325264,-4.418133029954664
2,2,0.0,0.0,0,0.004756515898325264,15.095937020977193
