,group,selectUtilLoss,orderUtilLoss,maxRankDrop,ndcgLoss,expGain
0,0,0.13889330460321148,0.0,0,0.03740428496485637,-1.0875207126067394
1,1,0.13889339364988906,0.0,0,0.03740428496485637,-1.036196901927397
2,2,0.0,0.0,0,0.03740428496485637,2.1237176145341365
