,group,selectUtilLoss,orderUtilLoss,maxRankDrop,ndcgLoss,expGain
0,0,0.1520504053192504,0.0,0,0.04938197456615612,-14.432876041370001
1,1,0.15204976684154103,0.0,0,0.04938197456615612,11.340806301684225
2,2,0.0,0.0,0,0.04938197456615612,3.092069739685787
