,group,selectUtilLoss,orderUtilLoss,maxRankDrop,ndcgLoss,expGain
0,0,0.1520504053192504,0.0,0,0.04938197456615612,-6.474270029728332
1,1,0.15204976684154103,0.0,0,0.04938197456615612,-4.211643331727082
2,2,0.0,0.0,0,0.04938197456615612,10.68591336145542
