,group,selectUtilLoss,orderUtilLoss,maxRankDrop,ndcgLoss,expGain
0,0,0.20102438045237891,0.20102436390012834,150,0.07700058766131579,-14.403101331616382
1,1,0.20102350100076327,0.20102352394282685,21,0.07700058766131579,-1.2485039643298883
2,2,0.0,0.0,0,0.07700058766131579,15.651605295946268
