,group,selectUtilLoss,orderUtilLoss,maxRankDrop,ndcgLoss,expGain
0,1,0.13889339364988906,0.1388937531016773,167,0.03740426480616288,-4.67531822325115
1,0,0.13889330460321148,0.0,0,0.03740426480616288,-6.901308754880365
2,2,0.0,0.0,0,0.03740426480616288,11.576626978131518
