,group,selectUtilLoss,orderUtilLoss,maxRankDrop,ndcgLoss,expGain
0,0,0.1520504053192504,0.0,0,0.04938197456615612,0.02188473030802185
1,1,0.15204976684154103,0.0,0,0.04938197456615612,0.011731910919816735
2,2,0.0,0.0,0,0.04938197456615612,0.9231066735313775
