,group,selectUtilLoss,orderUtilLoss,maxRankDrop,ndcgLoss,expGain
0,0,0.22222220987604535,0.22222209413787086,152,0.0969589806019392,-14.420002147125931
1,1,0.22222154480860523,0.22222145193769804,68,0.0969589806019392,-4.380825634281038
2,2,0.0,0.0,0,0.0969589806019392,18.80082778140697
