,group,selectUtilLoss,orderUtilLoss,maxRankDrop,ndcgLoss,expGain
0,1,0.06213450292397649,0.0,0,0.0049867398470546664,0.06755151338456389
1,2,0.0,0.0,0,0.0049867398470546664,0.9425352818372512
2,0,0.06213450292397649,0.0,0,0.0049867398470546664,-0.017494536291167817
