,group,selectUtilLoss,orderUtilLoss,maxRankDrop,ndcgLoss,expGain
0,1,0.13888888888888873,0.13888888888888873,-23,0.010552346493447384,-0.0065935707510299535
1,0,0.13888888888888873,0.13888888888888873,18,0.010552346493447384,0.03321973407561263
2,2,0.0,0.0,0,0.010552346493447384,0.9111874157692764
