,group,selectUtilLoss,orderUtilLoss,maxRankDrop,ndcgLoss,expGain
0,0,0.16666792930925167,0.16666793980815742,53,0.03643771310726085,-5.2594161393033705
1,1,0.1666679073436217,0.16666793339065766,51,0.03643771310726085,-3.095758092805676
2,2,0.0,0.0,0,0.03643771310726085,8.355174232109048
