,group,selectUtilLoss,orderUtilLoss,maxRankDrop,ndcgLoss,expGain
0,1,0.14546681750105395,0.14546683247131154,32,0.020858568212815287,-2.0972651504445423
1,0,0.14546681647658555,0.14546683319290754,32,0.020858568212815287,-2.976000479270935
2,2,0.0,0.0,0,0.020858568212815287,5.073265629715477
