,group,selectUtilLoss,orderUtilLoss,maxRankDrop,ndcgLoss,expGain
0,0,0.14546843256598962,0.1454684747928261,72,0.024112592350351347,-6.8990295225551215
1,1,0.14546799257252208,0.14546803842802325,-14,0.024112592350351347,1.0780768187658794
2,2,0.0,0.0,0,0.024112592350351347,5.820952703789241
