,group,selectUtilLoss,orderUtilLoss,maxRankDrop,ndcgLoss,expGain
0,0,0.1520504053192504,0.0,0,0.04938197456615612,-7.107907181611704
1,1,0.15204976684154103,0.0,0,0.04938197456615612,-4.468719796519814
2,2,0.0,0.0,0,0.04938197456615612,11.576626978131518
