,group,selectUtilLoss,orderUtilLoss,maxRankDrop,ndcgLoss,expGain
0,0,0.13889330460321148,0.0,0,0.03740428496485637,-14.403101331616382
1,1,0.13889339364988906,0.0,0,0.03740428496485637,-1.2485039643298883
2,2,0.0,0.0,0,0.03740428496485637,15.651605295946268
