,group,selectUtilLoss,orderUtilLoss,maxRankDrop,ndcgLoss,expGain
0,0,0.06213825511805182,0.0,0,0.004460451926646014,0.026940391606392167
1,1,0.06213761664034245,0.0,0,0.004460451926646014,0.00833047362229733
2,2,0.0,0.0,0,0.004460451926646014,0.8957773809091965
