,group,selectUtilLoss,orderUtilLoss,maxRankDrop,ndcgLoss,expGain
0,1,0.13889339364988906,0.1388937531016773,167,0.03740426480616288,-2.5720818253814866
1,0,0.13889330460321148,0.0,0,0.03740426480616288,-6.178635877013306
2,2,0.0,0.0,0,0.03740426480616288,8.750717702394805
