,group,selectUtilLoss,orderUtilLoss,maxRankDrop,ndcgLoss,expGain
2,0,0.2010247689551622,0.20102421964944395,137,0.0770005836019545,-12.755900392192673
0,1,0.20102407476355044,0.2010240788810953,37,0.0770005836019545,-2.8957049037535985
1,2,0.0,0.0,0,0.0770005836019545,15.651605295946268
