,group,selectUtilLoss,orderUtilLoss,maxRankDrop,ndcgLoss,expGain
0,0,0.06213825511805182,0.0,0,0.004460451926646014,0.008170515104604092
1,1,0.06213761664034245,0.0,0,0.004460451926646014,0.011192445459635714
2,2,0.0,0.0,0,0.004460451926646014,0.8713529415091048
