,group,selectUtilLoss,orderUtilLoss,maxRankDrop,ndcgLoss,expGain
0,1,0.22880116959064312,0.22880116959064312,98,0.139566617512891,0.08040769868216868
1,0,0.22880116959064312,0.22880116959064312,175,0.139566617512891,0.25054660800098816
2,2,0.0,0.0,0,0.139566617512891,0.958693775848121
