,group,selectUtilLoss,orderUtilLoss,maxRankDrop,ndcgLoss,expGain
0,1,0.22222364395266314,0.2222235290087864,115,0.11780539941514956,-8.728513460547088
1,2,0.0,0.0,0,0.11780539941514956,inf
2,0,0.22222381660583512,0.22222361553641834,137,0.11780539941514956,-13.217149159576325
