,group,selectUtilLoss,orderUtilLoss,maxRankDrop,ndcgLoss,kendallTauLoss,expGain
1,0,0.13889061074250197,0.13889061133993963,149,0.012139564063337827,0.33809045226130663,-14.97295906858848
0,1,0.13888884085411246,0.1388889901884094,0,0.012139564063337827,0.33809045226130663,11.880889328902695
2,2,0.0,0.0,0,0.012139564063337827,0.33809045226130663,3.092069739685787
