,group,selectUtilLoss,orderUtilLoss,maxRankDrop,ndcgLoss,expGain
0,1,0.16666686270904618,0.16666688217819647,46,0.03456123843948944,-3.5261865874788842
1,0,0.16666691799898237,0.16666692024360386,51,0.03456123843948944,-4.4495503329522155
2,2,0.0,0.0,0,0.03456123843948944,7.975736920431098
