,group,selectUtilLoss,orderUtilLoss,maxRankDrop,ndcgLoss,expGain
0,0,0.1520504053192504,0.0,0,0.04938197456615612,-14.399673715223543
1,1,0.15204976684154103,0.0,0,0.04938197456615612,8.158990935374888
2,2,0.0,0.0,0,0.04938197456615612,6.2406827798486635
