,group,selectUtilLoss,orderUtilLoss,maxRankDrop,ndcgLoss,expGain
0,1,0.06213450292397649,0.0,0,0.0049867398470546664,0.018416286023726247
1,0,0.06213450292397649,0.0,0,0.0049867398470546664,0.014793158632200543
2,2,0.0,0.0,0,0.0049867398470546664,0.9076801557537674
