,group,selectUtilLoss,orderUtilLoss,maxRankDrop,ndcgLoss,expGain
0,1,0.15204678362573087,0.0,0,0.049781481895179835,0.01245768982844675
1,0,0.15204678362573087,0.0,0,0.049781481895179835,0.17042329018947378
2,2,0.0,0.0,0,0.049781481895179835,0.9484234124222485
