,group,selectUtilLoss,orderUtilLoss,maxRankDrop,ndcgLoss,expGain
0,0,0.14546900483534975,0.1454690180937077,108,0.024966840513517274,0.09577635318509103
1,1,0.14546813473623232,0.14546816225873216,-64,0.024966840513517274,-0.006815338775401414
2,2,0.0,0.0,0,0.024966840513517274,0.9348507717191399
