,group,selectUtilLoss,orderUtilLoss,maxRankDrop,ndcgLoss,expGain
0,0,0.13889330460321148,0.0,0,0.03740428496485637,-2.9185646642937293
1,1,0.13889339364988906,0.0,0,0.03740428496485637,-1.7598205519934282
2,2,0.0,0.0,0,0.03740428496485637,4.678385216287167
