,group,selectUtilLoss,orderUtilLoss,maxRankDrop,ndcgLoss,expGain
0,1,0.13889339364988906,0.1388937531016773,167,0.03740426480616288,-0.0354087522217128
1,0,0.13889330460321148,0.0,0,0.03740426480616288,-5.785543951567524
2,2,0.0,0.0,0,0.03740426480616288,5.820952703789241
