,group,selectUtilLoss,orderUtilLoss,maxRankDrop,ndcgLoss,expGain
0,1,0.13889339364988906,0.0,0,0.03740426480616288,-0.013708370309036155
1,0,0.13889330460321148,0.0,0,0.03740426480616288,-8.979665115031299
2,2,0.0,0.0,0,0.03740426480616288,8.993373485340337
