,group,selectUtilLoss,orderUtilLoss,maxRankDrop,ndcgLoss,expGain
0,0,0.13889330460321148,0.0,0,0.03740428496485637,-1.4008643664873865
1,1,0.13889339364988906,0.0,0,0.03740428496485637,-1.068164759497158
2,2,0.0,0.0,0,0.03740428496485637,2.4690291259845467
