,group,selectUtilLoss,orderUtilLoss,maxRankDrop,ndcgLoss,expGain
0,0,0.14546783625730986,0.14546783625730986,101,0.022301873860562482,0.02163637012376407
1,1,0.14546783625730986,0.14546783625730986,-52,0.022301873860562482,0.014441709749535736
2,2,0.0,0.0,0,0.022301873860562482,0.9108741339345634
