,group,selectUtilLoss,orderUtilLoss,maxRankDrop,ndcgLoss,expGain
0,1,0.14546899092434873,0.14546904197630717,10,0.024112584590611497,-0.0354087522217128
1,0,0.14546930810375114,0.14546931954255837,64,0.024112584590611497,-5.785543951567524
2,2,0.0,0.0,0,0.024112584590611497,5.820952703789241
