,group,selectUtilLoss,orderUtilLoss,maxRankDrop,ndcgLoss,expGain
0,0,0.1520504053192504,0.0,0,0.04938197456615612,0.167760511738829
1,1,0.15204976684154103,0.0,0,0.04938197456615612,0.003371553919873871
2,2,0.0,0.0,0,0.04938197456615612,0.9484862844459128
