,group,selectUtilLoss,orderUtilLoss,maxRankDrop,ndcgLoss,expGain
0,0,0.06213450292397649,0.0,0,0.0049867398470546664,0.03674482606454199
1,1,0.06213450292397649,0.0,0,0.0049867398470546664,0.018539857186778974
2,2,0.0,0.0,0,0.0049867398470546664,0.93084052416177
