,group,selectUtilLoss,orderUtilLoss,maxRankDrop,ndcgLoss,expGain
0,1,0.15204678362573087,0.0,0,0.049781481895179835,0.048228783052182145
1,2,0.0,0.0,0,0.049781481895179835,0.956437073189631
2,0,0.15204678362573087,0.0,0,0.049781481895179835,-0.08157779732652759
