,group,selectUtilLoss,orderUtilLoss,maxRankDrop,ndcgLoss,kendallTau,expGain
1,0,0.19444399845808413,0.1944440082184582,67,0.049104372278961805,0.5958793969849245,-5.874833449047836
0,1,0.19444399957856817,0.17324835370142566,59,0.049104372278961805,0.5958793969849245,-4.811079912407585
2,2,0.0,0.0,0,0.049104372278961805,0.5958793969849245,10.68591336145542
