,group,selectUtilLoss,orderUtilLoss,maxRankDrop,ndcgLoss,expGain
0,1,0.14546783625730986,0.14546783625730986,-101,0.024966690679489867,0.008972760114220879
1,0,0.14546783625730986,0.14546783625730986,133,0.024966690679489867,0.03165975918576813
2,2,0.0,0.0,0,0.024966690679489867,0.9348507717191399
