,group,selectUtilLoss,orderUtilLoss,maxRankDrop,ndcgLoss,expGain
0,0,0.19444512820681836,0.1944451406014377,73,0.05368202002915867,0.04118576039323085
1,1,0.19444511032205192,0.19444511772661555,70,0.05368202002915867,0.02861981812187353
2,2,0.0,0.0,0,0.05368202002915867,0.9365890135536774
