,group,selectUtilLoss,orderUtilLoss,maxRankDrop,ndcgLoss,expGain
0,0,0.1520504053192504,0.0,0,0.04938197456615612,-14.801117742375824
1,1,0.15204976684154103,0.0,0,0.04938197456615612,-10.400677979147034
2,2,0.0,0.0,0,0.04938197456615612,25.20179572152286
