,group,selectUtilLoss,orderUtilLoss,maxRankDrop,ndcgLoss,expGain
0,1,0.19444459859777008,0.1944446032680528,38,0.05575554778088743,-2.825843618094794
1,0,0.1944450026226,0.19444503182018336,103,0.05575554778088743,-9.095467276623667
2,2,0.0,0.0,0,0.05575554778088743,11.921310894718466
