,group,selectUtilLoss,orderUtilLoss,maxRankDrop,ndcgLoss,expGain
0,0,0.06213825511805182,0.0,0,0.004460451926646014,-3.3871839070314316
1,1,0.06213761664034245,0.0,0,0.004460451926646014,0.522117104991878
2,2,0.0,0.0,0,0.004460451926646014,2.865066802039554
