,group,selectUtilLoss,orderUtilLoss,maxRankDrop,ndcgLoss,expGain
0,0,0.1520504053192504,0.0,0,0.04938197456615612,-10.53353815491139
1,1,0.15204976684154103,0.0,0,0.04938197456615612,-1.4626415830488924
2,2,0.0,0.0,0,0.04938197456615612,11.996179737960283
