,group,selectUtilLoss,orderUtilLoss,maxRankDrop,ndcgLoss,expGain
0,0,0.06213450292397649,0.0,0,0.0049867398470546664,0.1225345535350455
1,1,0.06213450292397649,0.0,0,0.0049867398470546664,-0.025231711868272222
2,2,0.0,0.0,0,0.0049867398470546664,0.9179301254197832
