,group,selectUtilLoss,orderUtilLoss,maxRankDrop,ndcgLoss,expGain
0,0,0.13889330460321148,0.0,0,0.03740428496485637,-10.694114852702672
1,1,0.13889339364988906,0.0,0,0.03740428496485637,-7.387950805876105
2,2,0.0,0.0,0,0.03740428496485637,18.082065658578777
