,group,selectUtilLoss,orderUtilLoss,maxRankDrop,ndcgLoss,expGain
0,1,0.16666666666666652,0.16666666666666652,-19,0.032702962131972546,0.03814697140902523
1,0,0.16666666666666652,0.16666666666666652,97,0.032702962131972546,0.012980497191802165
2,2,0.0,0.0,0,0.032702962131972546,0.9085737439513678
