,group,selectUtilLoss,orderUtilLoss,maxRankDrop,ndcgLoss,expGain
0,0,0.06213825511805182,0.0,0,0.004460451926646014,-7.928489520433665
1,1,0.06213761664034245,0.0,0,0.004460451926646014,-5.9572668283554755
2,2,0.0,0.0,0,0.004460451926646014,13.885756348789144
