,group,selectUtilLoss,orderUtilLoss,maxRankDrop,ndcgLoss,expGain
0,0,0.16666691710966763,0.16666591139865183,47,0.03270304703263638,0.0430358102410322
1,1,0.16666690345684965,0.16666591548005782,47,0.03270304703263638,0.012458494683381227
2,2,0.0,0.0,0,0.03270304703263638,0.9085737439513678
