,group,selectUtilLoss,orderUtilLoss,maxRankDrop,ndcgLoss,kendallTau,expGain
1,0,0.16666686888166804,0.166666498534497,47,0.032703075873750764,0.6693467336683416,-4.3150643586124495
0,1,0.16666686456898427,0.16666649362734365,47,0.032703075873750764,0.6693467336683416,-3.2772826904624957
2,2,0.0,0.0,0,0.032703075873750764,0.6693467336683416,7.592347049074941
