,group,selectUtilLoss,orderUtilLoss,maxRankDrop,ndcgLoss,kendallTau,expGain
1,0,0.1732471096695426,0.1666693814402468,146,0.0413528306001395,0.4911557788944724,-14.941424517713108
0,1,0.1732457207226883,0.17324573081836303,0,0.0413528306001395,0.4911557788944724,5.5294543333932165
2,2,0.0,0.0,0,0.0413528306001395,0.4911557788944724,9.411970184319888
