,group,selectUtilLoss,orderUtilLoss,maxRankDrop,ndcgLoss,expGain
0,0,0.13888888888888873,0.13888888888888873,29,0.011961356848898985,0.1225345535350455
1,1,0.13888888888888873,0.13888888888888873,-42,0.011961356848898985,-0.025231711868272222
2,2,0.0,0.0,0,0.011961356848898985,0.9179301254197832
