,group,selectUtilLoss,orderUtilLoss,maxRankDrop,ndcgLoss,expGain
0,0,0.06213450292397649,0.0,0,0.0049867398470546664,0.46192797339638636
1,2,0.0,0.0,0,0.0049867398470546664,0.9557050830305448
2,1,0.06213450292397649,0.0,0,0.0049867398470546664,-0.03626354664480835
