,group,selectUtilLoss,orderUtilLoss,maxRankDrop,ndcgLoss,expGain
0,0,0.14546953900782056,0.14546946503050173,149,0.02586801965854435,-14.399673715223543
1,1,0.14546806710639615,0.14546807959188912,-112,0.02586801965854435,8.158990935374888
2,2,0.0,0.0,0,0.02586801965854435,6.2406827798486635
