,group,selectUtilLoss,orderUtilLoss,maxRankDrop,ndcgLoss,expGain
0,0,0.1520504053192504,0.0,0,0.04938197456615612,0.02587617708962564
1,1,0.15204976684154103,0.0,0,0.04938197456615612,0.010003707866369504
2,2,0.0,0.0,0,0.04938197456615612,0.9108741339345634
