,group,selectUtilLoss,orderUtilLoss,maxRankDrop,ndcgLoss,expGain
0,0,0.13889330460321148,0.0,0,0.03740428496485637,-14.432876041370001
1,1,0.13889339364988906,0.0,0,0.03740428496485637,11.340806301684225
2,2,0.0,0.0,0,0.03740428496485637,3.092069739685787
