,group,selectUtilLoss,orderUtilLoss,maxRankDrop,ndcgLoss,expGain
0,0,0.1520504053192504,0.0,0,0.04938197456615612,0.09577635318509103
1,1,0.15204976684154103,0.0,0,0.04938197456615612,-0.006815338775401414
2,2,0.0,0.0,0,0.04938197456615612,0.9348507717191399
