,group,selectUtilLoss,orderUtilLoss,maxRankDrop,ndcgLoss,expGain
0,1,0.14546759146268595,0.14546690403411056,33,0.022301919456133357,-2.3665959252913424
1,0,0.14546757546795996,0.14546695826346057,36,0.022301919456133357,-3.024932739426214
2,2,0.0,0.0,0,0.022301919456133357,5.391528664717557
