,group,selectUtilLoss,orderUtilLoss,maxRankDrop,ndcgLoss,expGain
0,0,0.11111287197335995,0.0,0,0.004756515898325264,-5.024442584733178
1,1,0.11111296102003754,0.0,0,0.004756515898325264,-2.9512943356979147
2,2,0.0,0.0,0,0.004756515898325264,7.975736920431098
