,group,selectUtilLoss,orderUtilLoss,maxRankDrop,ndcgLoss,expGain
0,1,0.13889339364988906,0.1388937531016773,167,0.03740426480616288,-1.800324921974891
1,0,0.13889330460321148,0.0,0,0.03740426480616288,-3.824312952309814
2,2,0.0,0.0,0,0.03740426480616288,5.624637874284706
