,group,selectUtilLoss,orderUtilLoss,maxRankDrop,ndcgLoss,kendallTauLoss,expGain
1,0,0.16666893916884007,0.16666863865197568,100,0.039392398685244245,0.47708542713567836,-8.979665115031299
0,1,0.16666838645910187,0.16666841121996512,10,0.039392398685244245,0.47708542713567836,-0.013708370309036155
2,2,0.0,0.0,0,0.039392398685244245,0.47708542713567836,8.993373485340337
