,group,selectUtilLoss,orderUtilLoss,maxRankDrop,ndcgLoss,kendallTau,expGain
1,0,0.22222299355959663,0.22222288261273404,149,0.0969590905077845,0.4796984924623115,-15.390761732417802
0,1,0.22222223496715143,0.22222213183933948,49,0.0969590905077845,0.4796984924623115,-3.4100660489891723
2,2,0.0,0.0,0,0.0969590905077845,0.4796984924623115,18.80082778140697
