,group,selectUtilLoss,orderUtilLoss,maxRankDrop,ndcgLoss,expGain
0,0,0.06213450292397649,0.0,0,0.0049867398470546664,0.5797791566492352
1,2,0.0,0.0,0,0.0049867398470546664,0.9549928833900777
2,1,0.06213450292397649,0.0,0,0.0049867398470546664,-0.04288772269376728
