,group,selectUtilLoss,orderUtilLoss,maxRankDrop,ndcgLoss,expGain
0,1,0.11111296102003754,0.0,0,0.004756495055921683,-2.3665959252913424
1,0,0.11111287197335995,0.0,0,0.004756495055921683,-3.024932739426214
2,2,0.0,0.0,0,0.004756495055921683,5.391528664717557
