,group,selectUtilLoss,orderUtilLoss,maxRankDrop,ndcgLoss,expGain
0,0,0.1520504053192504,0.0,0,0.04938197456615612,0.09175776601745222
1,1,0.15204976684154103,0.0,0,0.04938197456615612,-0.008893033809470374
2,2,0.0,0.0,0,0.04938197456615612,0.9283657547720194
