,group,selectUtilLoss,orderUtilLoss,maxRankDrop,ndcgLoss,expGain
0,0,0.20102438045237891,0.20102436390012834,150,0.07700058766131579,0.16741193305018842
1,1,0.20102350100076327,0.20102352394282685,21,0.07700058766131579,0.008162325638558676
2,2,0.0,0.0,0,0.07700058766131579,0.956437073189631
