,group,selectUtilLoss,orderUtilLoss,maxRankDrop,ndcgLoss,expGain
0,0,0.11111287197335995,0.0,0,0.004756515898325264,-1.59389404163662
1,1,0.11111296102003754,0.0,0,0.004756515898325264,-1.0620326665644182
2,2,0.0,0.0,0,0.004756515898325264,2.6559267082010374
