,group,selectUtilLoss,orderUtilLoss,maxRankDrop,ndcgLoss,expGain
0,1,0.14546783625730986,0.14546783625730986,-115,0.02586773587862945,-0.007176588007934859
1,0,0.14546783625730986,0.14546783625730986,153,0.02586773587862945,0.17344686548870447
2,2,0.0,0.0,0,0.02586773587862945,0.9433522269533156
