,group,selectUtilLoss,orderUtilLoss,maxRankDrop,ndcgLoss,kendallTauLoss,expGain
1,0,0.13889000758827996,0.1388900547456957,102,0.01207013974095128,0.3502512562814071,-8.981475267429078
0,1,0.13888906201993523,0.1388891157011073,0,0.01207013974095128,0.3502512562814071,5.910704873470149
2,2,0.0,0.0,0,0.01207013974095128,0.3502512562814071,3.070770393958938
