,group,selectUtilLoss,orderUtilLoss,maxRankDrop,ndcgLoss,expGain
0,1,0.11111296102003754,0.0,0,0.004756495055921683,-4.67531822325115
1,0,0.11111287197335995,0.0,0,0.004756495055921683,-6.901308754880365
2,2,0.0,0.0,0,0.004756495055921683,11.576626978131518
