,group,selectUtilLoss,orderUtilLoss,maxRankDrop,ndcgLoss,expGain
0,0,0.13889330460321148,0.0,0,0.03740428496485637,-3.908636963891329
1,1,0.13889339364988906,0.0,0,0.03740428496485637,-1.7160009103933724
2,2,0.0,0.0,0,0.03740428496485637,5.624637874284706
