,group,selectUtilLoss,orderUtilLoss,maxRankDrop,ndcgLoss,expGain
0,1,0.13889339364988906,0.0,0,0.03740426480616288,-2.3665959252913424
1,0,0.13889330460321148,0.0,0,0.03740426480616288,-3.024932739426214
2,2,0.0,0.0,0,0.03740426480616288,5.391528664717557
