,group,selectUtilLoss,orderUtilLoss,maxRankDrop,ndcgLoss,expGain
0,0,0.11111287197335995,0.0,0,0.004756515898325264,-6.737669560658581
1,1,0.11111296102003754,0.0,0,0.004756515898325264,-4.364153422500225
2,2,0.0,0.0,0,0.004756515898325264,11.101822983158812
