,group,selectUtilLoss,orderUtilLoss,maxRankDrop,ndcgLoss,expGain
0,1,0.13888942550207284,0.13888948336683804,3,0.01126386046690564,0.11316151276275832
1,0,0.13888954787439844,0.13888963197529003,38,0.01126386046690564,-2.9782283148023136
2,2,0.0,0.0,0,0.01126386046690564,2.865066802039554
