,group,selectUtilLoss,orderUtilLoss,maxRankDrop,ndcgLoss,kendallTauLoss,expGain
1,0,0.1388913458214125,0.1388913704059177,30,0.01922397556619526,0.2305527638190955,-2.76644794498959
0,1,0.13889135189542334,0.1388913696843217,30,0.01922397556619526,0.2305527638190955,-1.91193727129758
2,2,0.0,0.0,0,0.01922397556619526,0.2305527638190955,4.678385216287167
