,group,selectUtilLoss,orderUtilLoss,maxRankDrop,ndcgLoss,expGain
0,0,0.15204678362573087,0.0,0,0.049781481895179835,0.02163637012376407
1,1,0.15204678362573087,0.0,0,0.049781481895179835,0.014441709749535736
2,2,0.0,0.0,0,0.049781481895179835,0.9108741339345634
