,group,selectUtilLoss,orderUtilLoss,maxRankDrop,ndcgLoss,kendallTau,expGain
1,0,0.14546815839714178,0.14546816160253417,77,0.024112643722177918,0.5878391959798994,-7.508435991700207
0,1,0.1454676731227178,0.14546768838077773,5,0.024112643722177918,0.5878391959798994,1.6874832879109576
2,2,0.0,0.0,0,0.024112643722177918,0.5878391959798994,5.820952703789241
