,group,selectUtilLoss,orderUtilLoss,maxRankDrop,ndcgLoss,expGain
0,0,0.16666792930925167,0.16666793980815742,53,0.03643771310726085,0.041447218850859
1,1,0.1666679073436217,0.16666793339065766,51,0.03643771310726085,0.011253378959532379
2,2,0.0,0.0,0,0.03643771310726085,0.9229486422049252
