,group,selectUtilLoss,orderUtilLoss,maxRankDrop,ndcgLoss,expGain
0,0,0.13889330460321148,0.0,0,0.03740428496485637,-6.737669560658581
1,1,0.13889339364988906,0.0,0,0.03740428496485637,-4.364153422500225
2,2,0.0,0.0,0,0.03740428496485637,11.101822983158812
