,group,selectUtilLoss,orderUtilLoss,maxRankDrop,ndcgLoss,expGain
0,0,0.1944442867125934,0.19444411010412255,66,0.04910432125250064,-6.474270029728332
1,1,0.19444428511824552,0.19444428677535375,67,0.04910432125250064,-4.211643331727082
2,2,0.0,0.0,0,0.04910432125250064,10.68591336145542
