,group,selectUtilLoss,orderUtilLoss,maxRankDrop,ndcgLoss,expGain
0,0,0.1520504053192504,0.0,0,0.04938197456615612,0.044938840469205266
1,1,0.15204976684154103,0.0,0,0.04938197456615612,0.00891840184515491
2,2,0.0,0.0,0,0.04938197456615612,0.9162757317886508
