,group,selectUtilLoss,orderUtilLoss,maxRankDrop,ndcgLoss,expGain
0,0,0.06213825511805182,0.0,0,0.004460451926646014,-14.403101331616382
1,1,0.06213761664034245,0.0,0,0.004460451926646014,-1.2485039643298883
2,2,0.0,0.0,0,0.004460451926646014,15.651605295946268
