,group,selectUtilLoss,orderUtilLoss,maxRankDrop,ndcgLoss,expGain
0,1,0.2222219893725903,0.22222199755396366,80,0.09695900905741595,-5.796648360544985
1,2,0.0,0.0,0,0.09695900905741595,18.80082778140697
2,0,0.2222224012622147,0.22222241818437727,141,0.09695900905741595,-13.00417942086198
