,group,selectUtilLoss,orderUtilLoss,maxRankDrop,ndcgLoss,expGain
0,1,0.13889339364988906,0.0,0,0.03740426480616288,-0.659208503875373
1,0,0.13889330460321148,0.0,0,0.03740426480616288,-1.466722690708572
2,2,0.0,0.0,0,0.03740426480616288,2.1259311945839396
