,group,selectUtilLoss,orderUtilLoss,maxRankDrop,ndcgLoss,expGain
0,0,0.15204678362573087,0.0,0,0.049781481895179835,0.15559606900664802
1,1,0.15204678362573087,0.0,0,0.049781481895179835,0.07252985053265948
2,2,0.0,0.0,0,0.049781481895179835,0.9452789629630918
