,group,selectUtilLoss,orderUtilLoss,maxRankDrop,ndcgLoss,expGain
0,0,0.14546953900782056,0.14546946503050173,149,0.02586801965854435,0.16809085458043915
1,1,0.14546806710639615,0.14546807959188912,-112,0.02586801965854435,0.00049552996178992
2,2,0.0,0.0,0,0.02586801965854435,0.9433522269533156
