,group,selectUtilLoss,orderUtilLoss,maxRankDrop,ndcgLoss,expGain
0,0,0.14546843256598962,0.1454684747928261,72,0.024112592350351347,0.04310586250400972
1,1,0.14546799257252208,0.14546803842802325,-14,0.024112592350351347,0.0037644435194402748
2,2,0.0,0.0,0,0.024112592350351347,0.9287887319973545
