,group,selectUtilLoss,orderUtilLoss,maxRankDrop,ndcgLoss,expGain
0,0,0.06213825511805182,0.0,0,0.004460451926646014,0.08947343231945482
1,1,0.06213761664034245,0.0,0,0.004460451926646014,0.051539808747039784
2,2,0.0,0.0,0,0.004460451926646014,0.9366070933143339
