,group,selectUtilLoss,orderUtilLoss,maxRankDrop,ndcgLoss,kendallTau,expGain
1,0,0.2222210292512059,0.22222041785733027,122,0.0928595473647914,0.5178894472361809,-11.702971099514693
0,1,0.22222085148544346,0.22222025017393465,100,0.0928595473647914,0.5178894472361809,-6.379094559064092
2,2,0.0,0.0,0,0.0928595473647914,0.5178894472361809,18.082065658578777
