,group,selectUtilLoss,orderUtilLoss,maxRankDrop,ndcgLoss,expGain
0,1,0.13889339364988906,0.0,0,0.03740426480616288,-4.673246626458484
1,0,0.13889330460321148,0.0,0,0.03740426480616288,-6.012666734996932
2,2,0.0,0.0,0,0.03740426480616288,10.68591336145542
