,group,selectUtilLoss,orderUtilLoss,maxRankDrop,ndcgLoss,expGain
0,0,0.1520504053192504,0.0,0,0.04938197456615612,-11.965710593505705
1,1,0.15204976684154103,0.0,0,0.04938197456615612,-9.098471205081385
2,2,0.0,0.0,0,0.04938197456615612,21.064181798587096
