,group,selectUtilLoss,orderUtilLoss,maxRankDrop,ndcgLoss,expGain
0,0,0.11111287197335995,0.0,0,0.004756515898325264,-10.293532721121677
1,1,0.11111296102003754,0.0,0,0.004756515898325264,1.30015923578134
2,2,0.0,0.0,0,0.004756515898325264,8.993373485340337
