,group,selectUtilLoss,orderUtilLoss,maxRankDrop,ndcgLoss,expGain
0,1,0.11111296102003754,0.11111332047182576,139,0.004756495055921683,-0.013708370309036155
1,0,0.11111287197335995,0.0,0,0.004756495055921683,-8.979665115031299
2,2,0.0,0.0,0,0.004756495055921683,8.993373485340337
