,group,selectUtilLoss,orderUtilLoss,maxRankDrop,ndcgLoss,expGain
0,0,0.06213450292397649,0.0,0,0.0049867398470546664,0.2923598804203351
1,1,0.06213450292397649,0.0,0,0.0049867398470546664,-0.03355401019931059
2,2,0.0,0.0,0,0.0049867398470546664,0.9387042326473166
