,group,selectUtilLoss,orderUtilLoss,maxRankDrop,ndcgLoss,expGain
0,0,0.1520504053192504,0.0,0,0.04938197456615612,0.057275843863326736
1,1,0.15204976684154103,0.0,0,0.04938197456615612,0.04172272794950471
2,2,0.0,0.0,0,0.04938197456615612,0.9366940715973753
