,group,selectUtilLoss,orderUtilLoss,maxRankDrop,ndcgLoss,expGain
0,0,0.15204678362573087,0.0,0,0.049781481895179835,0.04275454659484712
1,1,0.15204678362573087,0.0,0,0.049781481895179835,-0.01594940900336861
2,2,0.0,0.0,0,0.049781481895179835,0.8724902591178479
