,group,selectUtilLoss,orderUtilLoss,maxRankDrop,ndcgLoss,expGain
0,1,0.11111296102003754,0.0,0,0.004756495055921683,6.511789995951176
1,0,0.11111287197335995,0.0,0,0.004756495055921683,-12.752472775799834
2,2,0.0,0.0,0,0.004756495055921683,6.2406827798486635
