,group,selectUtilLoss,orderUtilLoss,maxRankDrop,ndcgLoss,expGain
0,1,0.11111296102003754,0.11111332047182576,139,0.004756495055921683,-3.3953573856844947
1,0,0.11111287197335995,0.0,0,0.004756495055921683,-4.937408315354817
2,2,0.0,0.0,0,0.004756495055921683,8.332765701039312
