,group,selectUtilLoss,orderUtilLoss,maxRankDrop,ndcgLoss,expGain
0,0,0.1520504053192504,0.0,0,0.04938197456615612,-3.908636963891329
1,1,0.15204976684154103,0.0,0,0.04938197456615612,-1.7160009103933724
2,2,0.0,0.0,0,0.04938197456615612,5.624637874284706
