,group,selectUtilLoss,orderUtilLoss,maxRankDrop,ndcgLoss,expGain
0,0,0.1520504053192504,0.0,0,0.04938197456615612,0.07543621238320952
1,1,0.15204976684154103,0.0,0,0.04938197456615612,0.03371767259037228
2,2,0.0,0.0,0,0.04938197456615612,0.9425352818372512
