,group,selectUtilLoss,orderUtilLoss,maxRankDrop,ndcgLoss,expGain
0,0,0.13888987050110346,0.13888991272793993,73,0.011961387433647275,-6.983977351104173
1,1,0.13888924886038356,0.13888927685402053,-30,0.011961387433647275,3.9477250568192552
2,2,0.0,0.0,0,0.011961387433647275,3.0362522942849095
