,group,selectUtilLoss,orderUtilLoss,maxRankDrop,ndcgLoss,kendallTauLoss,expGain
1,0,0.14546779828244727,0.14546786657343524,53,0.02324359317303748,0.3363819095477387,-4.603131129157132
0,1,0.14546758921767733,0.14546760223572175,18,0.02324359317303748,0.3363819095477387,-1.0215067451275814
2,2,0.0,0.0,0,0.02324359317303748,0.3363819095477387,5.624637874284706
