,group,selectUtilLoss,orderUtilLoss,maxRankDrop,ndcgLoss,expGain
0,0,0.13889330460321148,0.0,0,0.03740428496485637,-1.59389404163662
1,1,0.13889339364988906,0.0,0,0.03740428496485637,-1.0620326665644182
2,2,0.0,0.0,0,0.03740428496485637,2.6559267082010374
