,group,selectUtilLoss,orderUtilLoss,maxRankDrop,ndcgLoss,expGain
0,0,0.1520504053192504,0.0,0,0.04938197456615612,0.06173158997996686
1,1,0.15204976684154103,0.0,0,0.04938197456615612,0.0196269902082733
2,2,0.0,0.0,0,0.04938197456615612,0.9161407776605575
