,group,selectUtilLoss,orderUtilLoss,maxRankDrop,ndcgLoss,expGain
0,0,0.13889330460321148,0.0,0,0.03740428496485637,-11.965710593505705
1,1,0.13889339364988906,0.0,0,0.03740428496485637,-9.098471205081385
2,2,0.0,0.0,0,0.03740428496485637,21.064181798587096
