,group,selectUtilLoss,orderUtilLoss,maxRankDrop,ndcgLoss,expGain
0,0,0.06213825511805182,0.0,0,0.004460451926646014,-14.399673715223543
1,1,0.06213761664034245,0.0,0,0.004460451926646014,8.158990935374888
2,2,0.0,0.0,0,0.004460451926646014,6.2406827798486635
