,group,selectUtilLoss,orderUtilLoss,maxRankDrop,ndcgLoss,expGain
0,0,0.1520504053192504,0.0,0,0.04938197456615612,-1.4008643664873865
1,1,0.15204976684154103,0.0,0,0.04938197456615612,-1.068164759497158
2,2,0.0,0.0,0,0.04938197456615612,2.4690291259845467
