,group,selectUtilLoss,orderUtilLoss,maxRankDrop,ndcgLoss,expGain
0,0,0.11111287197335995,0.0,0,0.004756515898325264,-10.303232329288528
1,1,0.11111296102003754,0.0,0,0.004756515898325264,4.28153882399538
2,2,0.0,0.0,0,0.004756515898325264,6.021693505293151
