,group,selectUtilLoss,orderUtilLoss,maxRankDrop,ndcgLoss,expGain
0,0,0.1520504053192504,0.0,0,0.04938197456615612,0.12811258909309342
1,1,0.15204976684154103,0.0,0,0.04938197456615612,0.12655679806100228
2,2,0.0,0.0,0,0.04938197456615612,0.958693775848121
