,group,selectUtilLoss,orderUtilLoss,maxRankDrop,ndcgLoss,expGain
0,0,0.11111287197335995,0.0,0,0.004756515898325264,-1.9335804018258855
1,1,0.11111296102003754,0.0,0,0.004756515898325264,-0.7631110992431722
2,2,0.0,0.0,0,0.004756515898325264,2.696691501069067
