,group,selectUtilLoss,orderUtilLoss,maxRankDrop,ndcgLoss,expGain
0,0,0.06213450292397649,0.0,0,0.0049867398470546664,0.17108678202720795
1,1,0.06213450292397649,0.0,0,0.0049867398470546664,-0.05888353969595728
2,2,0.0,0.0,0,0.0049867398470546664,0.9161407776605575
