,group,selectUtilLoss,orderUtilLoss,maxRankDrop,ndcgLoss,expGain
0,1,0.13888888888888873,0.13888888888888873,-57,0.012139219371422594,0.014212096404053964
1,2,0.0,0.0,0,0.012139219371422594,0.9348050454499406
2,0,0.13888888888888873,0.13888888888888873,75,0.012139219371422594,-0.1164531562794513
