,group,selectUtilLoss,orderUtilLoss,maxRankDrop,ndcgLoss,expGain
0,0,0.06213825511805182,0.0,0,0.004460451926646014,0.02188473030802185
1,1,0.06213761664034245,0.0,0,0.004460451926646014,0.011731910919816735
2,2,0.0,0.0,0,0.004460451926646014,0.9231066735313775
