,group,selectUtilLoss,orderUtilLoss,maxRankDrop,ndcgLoss,expGain
0,0,0.1520504053192504,0.0,0,0.04938197456615612,-14.37600765258718
1,1,0.15204976684154103,0.0,0,0.04938197456615612,-7.5696549675362315
2,2,0.0,0.0,0,0.04938197456615612,21.94566262012342
