,group,selectUtilLoss,orderUtilLoss,maxRankDrop,ndcgLoss,expGain
0,0,0.11111287197335995,0.0,0,0.004756515898325264,-4.68234453913484
1,1,0.11111296102003754,0.0,0,0.004756515898325264,-2.9100025099400924
2,2,0.0,0.0,0,0.004756515898325264,7.592347049074941
