,group,selectUtilLoss,orderUtilLoss,maxRankDrop,ndcgLoss,expGain
0,0,0.13889330460321148,0.0,0,0.03740428496485637,-14.399673715223543
1,1,0.13889339364988906,0.0,0,0.03740428496485637,8.158990935374888
2,2,0.0,0.0,0,0.03740428496485637,6.2406827798486635
