,group,selectUtilLoss,orderUtilLoss,maxRankDrop,ndcgLoss,expGain
0,0,0.06213825511805182,0.0,0,0.004460451926646014,-1.4008643664873865
1,1,0.06213761664034245,0.0,0,0.004460451926646014,-1.068164759497158
2,2,0.0,0.0,0,0.004460451926646014,2.4690291259845467
