,group,selectUtilLoss,orderUtilLoss,maxRankDrop,ndcgLoss,expGain
0,1,0.06213450292397649,0.0,0,0.0049867398470546664,0.08607510991285805
1,0,0.06213450292397649,0.0,0,0.0049867398470546664,-0.00948542040753464
2,2,0.0,0.0,0,0.0049867398470546664,0.9274627103613531
