,group,selectUtilLoss,orderUtilLoss,maxRankDrop,ndcgLoss,expGain
0,0,0.11111287197335995,0.0,0,0.004756515898325264,-14.399673715223543
1,1,0.11111296102003754,0.0,0,0.004756515898325264,8.158990935374888
2,2,0.0,0.0,0,0.004756515898325264,6.2406827798486635
