,group,selectUtilLoss,orderUtilLoss,maxRankDrop,ndcgLoss,expGain
0,0,0.13888934942017317,0.1388893721719623,12,0.009635129582570068,-1.4008643664873865
1,1,0.1388893005791324,0.13888936238865368,12,0.009635129582570068,-1.068164759497158
2,2,0.0,0.0,0,0.009635129582570068,2.4690291259845467
