,group,selectUtilLoss,orderUtilLoss,maxRankDrop,ndcgLoss,kendallTauLoss,expGain
1,0,0.20102409033775104,0.20102359648925394,118,0.0742537574819484,0.5164824120603015,-11.331034211006461
0,1,0.2010237449979575,0.20102319584765493,52,0.0742537574819484,0.5164824120603015,-3.7649028099707333
2,2,0.0,0.0,0,0.0742537574819484,0.5164824120603015,15.095937020977193
