,group,selectUtilLoss,orderUtilLoss,maxRankDrop,ndcgLoss,expGain
0,0,0.06213825511805182,0.0,0,0.004460451926646014,-3.4817823654679216
1,1,0.06213761664034245,0.0,0,0.004460451926646014,-1.9097462992496315
2,2,0.0,0.0,0,0.004460451926646014,5.391528664717557
