,group,selectUtilLoss,orderUtilLoss,maxRankDrop,ndcgLoss,expGain
0,0,0.06213825511805182,0.0,0,0.004460451926646014,0.06610079906327093
1,1,0.06213761664034245,0.0,0,0.004460451926646014,0.03866661270852134
2,2,0.0,0.0,0,0.004460451926646014,0.9274627103613531
