,group,selectUtilLoss,orderUtilLoss,maxRankDrop,ndcgLoss,expGain
0,0,0.14546793636022826,0.14546777544408562,35,0.022301925518438348,0.02587617708962564
1,1,0.1454679007643862,0.14546775862367478,33,0.022301925518438348,0.010003707866369504
2,2,0.0,0.0,0,0.022301925518438348,0.9108741339345634
