,group,selectUtilLoss,orderUtilLoss,maxRankDrop,ndcgLoss,expGain
0,1,0.20102339181286533,0.20102339181286533,-4,0.07425342404437074,0.06755151338456389
1,2,0.0,0.0,0,0.07425342404437074,0.9425352818372512
2,0,0.20102339181286533,0.20102339181286533,149,0.07425342404437074,-0.017494536291167817
