,group,selectUtilLoss,orderUtilLoss,maxRankDrop,ndcgLoss,expGain
0,0,0.13889330460321148,0.0,0,0.03740428496485637,-3.3871839070314316
1,1,0.13889339364988906,0.0,0,0.03740428496485637,0.522117104991878
2,2,0.0,0.0,0,0.03740428496485637,2.865066802039554
