,group,selectUtilLoss,orderUtilLoss,maxRankDrop,ndcgLoss,expGain
0,0,0.06213825511805182,0.0,0,0.004460451926646014,-10.694114852702672
1,1,0.06213761664034245,0.0,0,0.004460451926646014,-7.387950805876105
2,2,0.0,0.0,0,0.004460451926646014,18.082065658578777
