,group,selectUtilLoss,orderUtilLoss,maxRankDrop,ndcgLoss,expGain
0,0,0.13888962189249077,0.13888965077605842,35,0.011263862567999494,0.02054682366557481
1,1,0.1388893870671296,0.1388894302930045,3,0.011263862567999494,0.0008418609089307916
2,2,0.0,0.0,0,0.011263862567999494,0.9142976751629628
