,group,selectUtilLoss,orderUtilLoss,maxRankDrop,ndcgLoss,expGain
0,0,0.11111287197335995,0.0,0,0.004756515898325264,-6.983977351104173
1,1,0.11111296102003754,0.0,0,0.004756515898325264,3.9477250568192552
2,2,0.0,0.0,0,0.004756515898325264,3.0362522942849095
