,group,selectUtilLoss,orderUtilLoss,maxRankDrop,ndcgLoss,expGain
0,0,0.06213825511805182,0.0,0,0.004460451926646014,0.1640643217036568
1,1,0.06213761664034245,0.0,0,0.004460451926646014,0.020020613953864896
2,2,0.0,0.0,0,0.004460451926646014,0.9557050830305448
