,group,selectUtilLoss,orderUtilLoss,maxRankDrop,ndcgLoss,expGain
0,0,0.17324616005027205,0.16666928553364546,150,0.04135276687136202,-14.401341490494628
1,1,0.17324480661594643,0.17324482248627882,-72,0.04135276687136202,4.989371306174743
2,2,0.0,0.0,0,0.04135276687136202,9.411970184319888
