,group,selectUtilLoss,orderUtilLoss,maxRankDrop,ndcgLoss,expGain
0,0,0.06213825511805182,0.0,0,0.004460451926646014,-6.8990295225551215
1,1,0.06213761664034245,0.0,0,0.004460451926646014,1.0780768187658794
2,2,0.0,0.0,0,0.004460451926646014,5.820952703789241
