,group,selectUtilLoss,orderUtilLoss,maxRankDrop,ndcgLoss,expGain
0,1,0.20102339181286533,0.20102339181286533,-30,0.07700024557815588,0.048228783052182145
1,2,0.0,0.0,0,0.07700024557815588,0.956437073189631
2,0,0.20102339181286533,0.20102339181286533,170,0.07700024557815588,-0.08157779732652759
