,group,selectUtilLoss,orderUtilLoss,maxRankDrop,ndcgLoss,expGain
0,1,0.11111296102003754,0.0,0,0.004756495055921683,-8.728513460547088
1,2,0.0,0.0,0,0.004756495055921683,21.94566262012342
2,0,0.11111287197335995,0.0,0,0.004756495055921683,-13.217149159576325
