,group,selectUtilLoss,orderUtilLoss,maxRankDrop,ndcgLoss,expGain
0,0,0.06213825511805182,0.0,0,0.004460451926646014,-14.801117742375824
1,1,0.06213761664034245,0.0,0,0.004460451926646014,-10.400677979147034
2,2,0.0,0.0,0,0.004460451926646014,25.20179572152286
