,group,selectUtilLoss,orderUtilLoss,maxRankDrop,ndcgLoss,expGain
0,0,0.06213825511805182,0.0,0,0.004460451926646014,-2.9185646642937293
1,1,0.06213761664034245,0.0,0,0.004460451926646014,-1.7598205519934282
2,2,0.0,0.0,0,0.004460451926646014,4.678385216287167
