,group,selectUtilLoss,orderUtilLoss,maxRankDrop,ndcgLoss,expGain
0,0,0.06213825511805182,0.0,0,0.004460451926646014,0.04118576039323085
1,1,0.06213761664034245,0.0,0,0.004460451926646014,0.02861981812187353
2,2,0.0,0.0,0,0.004460451926646014,0.9365890135536774
