,group,selectUtilLoss,orderUtilLoss,maxRankDrop,ndcgLoss,expGain
0,0,0.06213825511805182,0.0,0,0.004460451926646014,-1.9335804018258855
1,1,0.06213761664034245,0.0,0,0.004460451926646014,-0.7631110992431722
2,2,0.0,0.0,0,0.004460451926646014,2.696691501069067
