,group,selectUtilLoss,orderUtilLoss,maxRankDrop,ndcgLoss,expGain
0,0,0.1520504053192504,0.0,0,0.04938197456615612,-5.024442584733178
1,1,0.15204976684154103,0.0,0,0.04938197456615612,-2.9512943356979147
2,2,0.0,0.0,0,0.04938197456615612,7.975736920431098
