,group,selectUtilLoss,orderUtilLoss,maxRankDrop,ndcgLoss,expGain
0,0,0.16666691710966763,0.16666591139865183,47,0.03270304703263638,-4.68234453913484
1,1,0.16666690345684965,0.16666591548005782,47,0.03270304703263638,-2.9100025099400924
2,2,0.0,0.0,0,0.03270304703263638,7.592347049074941
