,group,selectUtilLoss,orderUtilLoss,maxRankDrop,ndcgLoss,expGain
0,0,0.22880236306562562,0.22880236869323678,155,0.1395671364403348,-14.801117742375824
1,1,0.22880222636670244,0.22880152316233893,135,0.1395671364403348,-10.400677979147034
2,2,0.0,0.0,0,0.1395671364403348,25.20179572152286
