,group,selectUtilLoss,orderUtilLoss,maxRankDrop,ndcgLoss,expGain
0,0,0.1520504053192504,0.0,0,0.04938197456615612,-3.4817823654679216
1,1,0.15204976684154103,0.0,0,0.04938197456615612,-1.9097462992496315
2,2,0.0,0.0,0,0.04938197456615612,5.391528664717557
