,group,selectUtilLoss,orderUtilLoss,maxRankDrop,ndcgLoss,expGain
0,1,0.15204678362573087,0.0,0,0.049781481895179835,0.00335636687909191
1,0,0.15204678362573087,0.0,0,0.049781481895179835,0.04910515413096195
2,2,0.0,0.0,0,0.049781481895179835,0.9287887319973545
