,group,selectUtilLoss,orderUtilLoss,maxRankDrop,ndcgLoss,expGain
0,0,0.16666841904141239,0.166668393240627,72,0.03826785870411087,0.04067881513288141
1,1,0.16666824226522758,0.16666820066278054,30,0.03826785870411087,0.016999169432052708
2,2,0.0,0.0,0,0.03826785870411087,0.93084052416177
