,group,selectUtilLoss,orderUtilLoss,maxRankDrop,ndcgLoss,expGain
0,0,0.11111287197335995,0.0,0,0.004756515898325264,-3.908636963891329
1,1,0.11111296102003754,0.0,0,0.004756515898325264,-1.7160009103933724
2,2,0.0,0.0,0,0.004756515898325264,5.624637874284706
