,group,selectUtilLoss,orderUtilLoss,maxRankDrop,ndcgLoss,expGain
0,1,0.06213450292397649,0.0,0,0.0049867398470546664,0.08040769868216868
1,0,0.06213450292397649,0.0,0,0.0049867398470546664,0.25054660800098816
2,2,0.0,0.0,0,0.0049867398470546664,0.958693775848121
