,group,selectUtilLoss,orderUtilLoss,maxRankDrop,ndcgLoss,expGain
0,0,0.1520504053192504,0.0,0,0.04938197456615612,-8.404441893483028
1,1,0.15204976684154103,0.0,0,0.04938197456615612,-6.108732373633973
2,2,0.0,0.0,0,0.04938197456615612,14.513174267117002
