,group,selectUtilLoss,orderUtilLoss,maxRankDrop,ndcgLoss,expGain
0,0,0.13889330460321148,0.0,0,0.03740428496485637,-6.474270029728332
1,1,0.13889339364988906,0.0,0,0.03740428496485637,-4.211643331727082
2,2,0.0,0.0,0,0.03740428496485637,10.68591336145542
