,group,selectUtilLoss,orderUtilLoss,maxRankDrop,ndcgLoss,expGain
0,0,0.11111287197335995,0.0,0,0.004756515898325264,-6.8990295225551215
1,1,0.11111296102003754,0.0,0,0.004756515898325264,1.0780768187658794
2,2,0.0,0.0,0,0.004756515898325264,5.820952703789241
