,group,selectUtilLoss,orderUtilLoss,maxRankDrop,ndcgLoss,expGain
0,1,0.11111296102003754,0.0,0,0.004756495055921683,2.9234027108895653
1,0,0.11111287197335995,0.0,0,0.004756495055921683,-8.945096216182707
2,2,0.0,0.0,0,0.004756495055921683,6.021693505293151
