,group,selectUtilLoss,orderUtilLoss,maxRankDrop,ndcgLoss,expGain
0,1,0.11111296102003754,0.0,0,0.004756495055921683,0.20805284774072774
1,0,0.11111287197335995,0.0,0,0.004756495055921683,-12.756514575603363
2,2,0.0,0.0,0,0.004756495055921683,12.548461727862634
