,group,selectUtilLoss,orderUtilLoss,maxRankDrop,ndcgLoss,expGain
0,0,0.06213825511805182,0.0,0,0.004460451926646014,0.09175776601745222
1,1,0.06213761664034245,0.0,0,0.004460451926646014,-0.008893033809470374
2,2,0.0,0.0,0,0.004460451926646014,0.9283657547720194
