,group,selectUtilLoss,orderUtilLoss,maxRankDrop,ndcgLoss,expGain
0,0,0.1520504053192504,0.0,0,0.04938197456615612,-10.339611380534897
1,1,0.15204976684154103,0.0,0,0.04938197456615612,7.26884098657597
2,2,0.0,0.0,0,0.04938197456615612,3.070770393958938
