,group,selectUtilLoss,orderUtilLoss,maxRankDrop,ndcgLoss,expGain
0,1,0.06213450292397649,0.0,0,0.0049867398470546664,-0.006939420836660881
1,0,0.06213450292397649,0.0,0,0.0049867398470546664,0.06338850741943447
2,2,0.0,0.0,0,0.0049867398470546664,0.9231066735313775
