,group,selectUtilLoss,orderUtilLoss,maxRankDrop,ndcgLoss,expGain
0,1,0.15204678362573087,0.0,0,0.049781481895179835,-0.009882053974430316
1,0,0.15204678362573087,0.0,0,0.049781481895179835,0.1244085975416378
2,2,0.0,0.0,0,0.049781481895179835,0.9283657547720194
