,group,selectUtilLoss,orderUtilLoss,maxRankDrop,ndcgLoss,expGain
0,1,0.06213450292397649,0.0,0,0.0049867398470546664,0.00335636687909191
1,0,0.06213450292397649,0.0,0,0.0049867398470546664,0.04910515413096195
2,2,0.0,0.0,0,0.0049867398470546664,0.9287887319973545
