,group,selectUtilLoss,orderUtilLoss,maxRankDrop,ndcgLoss,kendallTauLoss,expGain
1,0,0.20102316228383643,0.20102317013146043,92,0.07095861646118429,0.4722613065326634,-9.093044463698273
0,1,0.2010231216273567,0.19444700815260163,82,0.07095861646118429,0.4722613065326634,-5.420129803418735
2,2,0.0,0.0,0,0.07095861646118429,0.4722613065326634,14.513174267117002
