,group,selectUtilLoss,orderUtilLoss,maxRankDrop,ndcgLoss,kendallTauLoss,expGain
1,0,0.20102305435522982,0.19444759412508228,89,0.07095857419739215,0.46321608040201,-8.213632737487657
0,1,0.20102307200906921,0.20102307531562957,89,0.07095857419739215,0.46321608040201,-6.299541529629341
2,2,0.0,0.0,0,0.07095857419739215,0.46321608040201,14.513174267117002
