,group,selectUtilLoss,orderUtilLoss,maxRankDrop,ndcgLoss,expGain
0,1,0.13888888888888873,0.13888888888888873,-46,0.012070059390815735,-0.009882053974430316
1,0,0.13888888888888873,0.13888888888888873,59,0.012070059390815735,0.1244085975416378
2,2,0.0,0.0,0,0.012070059390815735,0.9283657547720194
