,group,selectUtilLoss,orderUtilLoss,maxRankDrop,ndcgLoss,expGain
0,0,0.06213825511805182,0.0,0,0.004460451926646014,0.05580277979745296
1,1,0.06213761664034245,0.0,0,0.004460451926646014,0.021671779404954905
2,2,0.0,0.0,0,0.004460451926646014,0.9242098135234107
