,group,selectUtilLoss,orderUtilLoss,maxRankDrop,ndcgLoss,expGain
0,0,0.11111287197335995,0.0,0,0.004756515898325264,-11.965710593505705
1,1,0.11111296102003754,0.0,0,0.004756515898325264,-9.098471205081385
2,2,0.0,0.0,0,0.004756515898325264,21.064181798587096
