,group,selectUtilLoss,orderUtilLoss,maxRankDrop,ndcgLoss,expGain
0,0,0.15204678362573087,0.0,0,0.049781481895179835,0.03674482606454199
1,1,0.15204678362573087,0.0,0,0.049781481895179835,0.018539857186778974
2,2,0.0,0.0,0,0.049781481895179835,0.93084052416177
