,group,selectUtilLoss,orderUtilLoss,maxRankDrop,ndcgLoss,expGain
0,0,0.06213825511805182,0.0,0,0.004460451926646014,0.12811258909309342
1,1,0.06213761664034245,0.0,0,0.004460451926646014,0.12655679806100228
2,2,0.0,0.0,0,0.004460451926646014,0.958693775848121
