,group,selectUtilLoss,orderUtilLoss,maxRankDrop,ndcgLoss,expGain
0,0,0.06213825511805182,0.0,0,0.004460451926646014,0.167760511738829
1,1,0.06213761664034245,0.0,0,0.004460451926646014,0.003371553919873871
2,2,0.0,0.0,0,0.004460451926646014,0.9484862844459128
