,group,selectUtilLoss,orderUtilLoss,maxRankDrop,ndcgLoss,expGain
0,0,0.06213825511805182,0.0,0,0.004460451926646014,0.010824055932615817
1,1,0.06213761664034245,0.0,0,0.004460451926646014,0.006145418598110686
2,2,0.0,0.0,0,0.004460451926646014,0.9111874157692764
