,group,selectUtilLoss,orderUtilLoss,maxRankDrop,ndcgLoss,expGain
0,0,0.2222222222222221,0.2222222222222221,161,0.11270387877561616,0.15559606900664802
1,1,0.2222222222222221,0.2222222222222221,61,0.11270387877561616,0.07252985053265948
2,2,0.0,0.0,0,0.11270387877561616,0.9452789629630918
