,group,selectUtilLoss,orderUtilLoss,maxRankDrop,ndcgLoss,expGain
0,0,0.06213825511805182,0.0,0,0.004460451926646014,0.1069090046254868
1,1,0.06213761664034245,0.0,0,0.004460451926646014,0.08060932388052011
2,2,0.0,0.0,0,0.004460451926646014,0.9452789629630918
