,group,selectUtilLoss,orderUtilLoss,maxRankDrop,ndcgLoss,kendallTauLoss,expGain
1,0,0.16666691799898237,0.16666692024360386,52,0.03456123843948944,0.35075376884422116,-4.4495503329522155
0,1,0.16666686270904618,0.16666688217819647,47,0.03456123843948944,0.35075376884422116,-3.5261865874788842
2,2,0.0,0.0,0,0.03456123843948944,0.35075376884422116,7.975736920431098
