,group,selectUtilLoss,orderUtilLoss,maxRankDrop,ndcgLoss,expGain
0,0,0.1944467834615653,0.19444677543537903,85,0.06762776154306849,-7.928489520433665
1,1,0.1944467711526109,0.19444679178253732,86,0.06762776154306849,-5.9572668283554755
2,2,0.0,0.0,0,0.06762776154306849,13.885756348789144
