,group,selectUtilLoss,orderUtilLoss,maxRankDrop,ndcgLoss,expGain
0,0,0.1520504053192504,0.0,0,0.04938197456615612,0.07033577670571223
1,1,0.15204976684154103,0.0,0,0.04938197456615612,0.01797977637240944
2,2,0.0,0.0,0,0.04938197456615612,0.9439423521171783
