,group,selectUtilLoss,orderUtilLoss,maxRankDrop,ndcgLoss,expGain
1,0,0.19444756059916346,0.19444661898957316,85,0.06762776386051916,-7.931082987671484
0,1,0.19444755723799667,0.19444756273383745,86,0.06762776386051916,-5.954673361117656
2,2,0.0,0.0,0,0.06762776386051916,13.885756348789144
