,group,selectUtilLoss,orderUtilLoss,maxRankDrop,ndcgLoss,expGain
0,0,0.13888888888888873,0.13888888888888873,28,0.008226726940152695,0.04275454659484712
1,1,0.13888888888888873,0.13888888888888873,-40,0.008226726940152695,-0.01594940900336861
2,2,0.0,0.0,0,0.008226726940152695,0.8724902591178479
