,group,selectUtilLoss,orderUtilLoss,maxRankDrop,ndcgLoss,kendallTauLoss,expGain
1,0,0.138890219170676,0.13889031061257806,120,0.012070243957772009,0.39557788944723626,-11.37969440775338
0,1,0.138889008483163,0.13888910599222815,0,0.012070243957772009,0.39557788944723626,8.308924013794437
2,2,0.0,0.0,0,0.012070243957772009,0.39557788944723626,3.070770393958938
