,group,selectUtilLoss,orderUtilLoss,maxRankDrop,ndcgLoss,expGain
0,0,0.13889330460321148,0.0,0,0.03740428496485637,-4.68234453913484
1,1,0.13889339364988906,0.0,0,0.03740428496485637,-2.9100025099400924
2,2,0.0,0.0,0,0.03740428496485637,7.592347049074941
