,group,selectUtilLoss,orderUtilLoss,maxRankDrop,ndcgLoss,expGain
0,1,0.11111296102003754,0.0,0,0.004756495055921683,-1.91193727129758
1,0,0.11111287197335995,0.0,0,0.004756495055921683,-2.76644794498959
2,2,0.0,0.0,0,0.004756495055921683,4.678385216287167
