,group,selectUtilLoss,orderUtilLoss,maxRankDrop,ndcgLoss,expGain
0,1,0.13889339364988906,0.1388937531016773,167,0.03740426480616288,-5.650823281010313
1,0,0.13889330460321148,0.0,0,0.03740426480616288,-9.445113739966873
2,2,0.0,0.0,0,0.03740426480616288,15.095937020977193
