,group,selectUtilLoss,orderUtilLoss,maxRankDrop,ndcgLoss,expGain
0,0,0.06213450292397649,0.0,0,0.0049867398470546664,0.1946296112005117
1,1,0.06213450292397649,0.0,0,0.0049867398470546664,-0.03405221492446353
2,2,0.0,0.0,0,0.0049867398470546664,0.9365890135536774
