,group,selectUtilLoss,orderUtilLoss,maxRankDrop,ndcgLoss,expGain
0,1,0.11111296102003754,0.0,0,0.004756495055921683,-2.8957049037535985
1,2,0.0,0.0,0,0.004756495055921683,15.651605295946268
2,0,0.11111287197335995,0.0,0,0.004756495055921683,-12.755900392192673
