,group,selectUtilLoss,orderUtilLoss,maxRankDrop,ndcgLoss,expGain
0,0,0.13888934942017317,0.1388893721719623,12,0.009635129582570068,0.010560989671737131
1,1,0.1388893005791324,0.13888936238865368,12,0.009635129582570068,0.008838240355224736
2,2,0.0,0.0,0,0.009635129582570068,0.8864037783391677
