,group,selectUtilLoss,orderUtilLoss,maxRankDrop,ndcgLoss,expGain
0,1,0.06213450292397649,0.0,0,0.0049867398470546664,0.03814697140902523
1,0,0.06213450292397649,0.0,0,0.0049867398470546664,0.012980497191802165
2,2,0.0,0.0,0,0.0049867398470546664,0.9085737439513678
