,group,selectUtilLoss,orderUtilLoss,maxRankDrop,ndcgLoss,expGain
0,0,0.1520504053192504,0.0,0,0.04938197456615612,0.029087702138775207
1,1,0.15204976684154103,0.0,0,0.04938197456615612,0.009589675801205844
2,2,0.0,0.0,0,0.04938197456615612,0.8985974269330729
