,group,selectUtilLoss,orderUtilLoss,maxRankDrop,ndcgLoss,expGain
0,0,0.15204678362573087,0.0,0,0.049781481895179835,0.17108678202720795
1,1,0.15204678362573087,0.0,0,0.049781481895179835,-0.05888353969595728
2,2,0.0,0.0,0,0.049781481895179835,0.9161407776605575
