,group,selectUtilLoss,orderUtilLoss,maxRankDrop,ndcgLoss,expGain
0,1,0.15204678362573087,0.0,0,0.049781481895179835,-0.015601412489861355
1,0,0.15204678362573087,0.0,0,0.049781481895179835,0.0525485627179163
2,2,0.0,0.0,0,0.049781481895179835,0.8974133647689806
