,group,selectUtilLoss,orderUtilLoss,maxRankDrop,ndcgLoss,kendallTauLoss,expGain
1,0,0.1666663404040185,0.1666654932597177,49,0.032703069840902765,0.3309547738693468,-4.114276764891262
0,1,0.16666632023475214,0.1666654551943103,45,0.032703069840902765,0.3309547738693468,-3.478070284183673
2,2,0.0,0.0,0,0.032703069840902765,0.3309547738693468,7.592347049074941
