,group,selectUtilLoss,orderUtilLoss,maxRankDrop,ndcgLoss,kendallTauLoss,expGain
1,0,0.22222351842992194,0.22222351156392284,130,0.11270427636079583,0.42512562814070354,-11.543405321001796
0,1,0.22222352313250726,0.22222317484347043,122,0.11270427636079583,0.42512562814070354,-9.520776477585294
2,2,0.0,0.0,0,0.11270427636079583,0.42512562814070354,21.064181798587096
