,group,selectUtilLoss,orderUtilLoss,maxRankDrop,ndcgLoss,expGain
0,0,0.06213825511805182,0.0,0,0.004460451926646014,-8.404441893483028
1,1,0.06213761664034245,0.0,0,0.004460451926646014,-6.108732373633973
2,2,0.0,0.0,0,0.004460451926646014,14.513174267117002
