,group,selectUtilLoss,orderUtilLoss,maxRankDrop,ndcgLoss,expGain
0,0,0.1944461281313764,0.19444585835792672,150,0.059064364090279375,-14.403715515027072
1,1,0.19444498533871157,0.19444487658697884,-29,0.059064364090279375,1.8552537871644361
2,2,0.0,0.0,0,0.059064364090279375,12.548461727862634
