,group,selectUtilLoss,orderUtilLoss,maxRankDrop,ndcgLoss,kendallTauLoss,expGain
1,0,0.22222208663157317,0.22222175622486118,111,0.09285950229044815,0.46482412060301515,-10.207609525475446
0,1,0.22222203311872102,0.22222168166051515,103,0.09285950229044815,0.46482412060301515,-7.87445613310333
2,2,0.0,0.0,0,0.09285950229044815,0.46482412060301515,18.082065658578777
