,group,selectUtilLoss,orderUtilLoss,maxRankDrop,ndcgLoss,expGain
0,0,0.2010230945871816,0.20102310260615464,91,0.07095856811238455,0.057275843863326736
1,1,0.20102308386310241,0.19444738973164388,84,0.07095856811238455,0.04172272794950471
2,2,0.0,0.0,0,0.07095856811238455,0.9366940715973753
