,group,selectUtilLoss,orderUtilLoss,maxRankDrop,ndcgLoss,expGain
0,0,0.06213825511805182,0.0,0,0.004460451926646014,-5.2594161393033705
1,1,0.06213761664034245,0.0,0,0.004460451926646014,-3.095758092805676
2,2,0.0,0.0,0,0.004460451926646014,8.355174232109048
