,group,selectUtilLoss,orderUtilLoss,maxRankDrop,ndcgLoss,expGain
0,0,0.13889330460321148,0.0,0,0.03740428496485637,-1.9335804018258855
1,1,0.13889339364988906,0.0,0,0.03740428496485637,-0.7631110992431722
2,2,0.0,0.0,0,0.03740428496485637,2.696691501069067
