,group,selectUtilLoss,orderUtilLoss,maxRankDrop,ndcgLoss,kendallTauLoss,expGain
1,0,0.19444480316190016,0.19444480655016394,72,0.05368203158650575,0.4458291457286433,-6.901308754880365
0,1,0.194444728946499,0.19444475006078688,68,0.05368203158650575,0.4458291457286433,-4.67531822325115
2,2,0.0,0.0,0,0.05368203158650575,0.4458291457286433,11.576626978131518
