,group,selectUtilLoss,orderUtilLoss,maxRankDrop,ndcgLoss,expGain
0,0,0.06213825511805182,0.0,0,0.004460451926646014,-7.107907181611704
1,1,0.06213761664034245,0.0,0,0.004460451926646014,-4.468719796519814
2,2,0.0,0.0,0,0.004460451926646014,11.576626978131518
