,group,selectUtilLoss,orderUtilLoss,maxRankDrop,ndcgLoss,kendallTauLoss,expGain
1,0,0.14546901331332152,0.14546903265010191,46,0.02324355109517795,0.3003015075376886,-3.824312952309814
0,1,0.14546892335201067,0.14546892727869631,28,0.02324355109517795,0.3003015075376886,-1.800324921974891
2,2,0.0,0.0,0,0.02324355109517795,0.3003015075376886,5.624637874284706
