,group,selectUtilLoss,orderUtilLoss,maxRankDrop,ndcgLoss,expGain
0,0,0.11111287197335995,0.0,0,0.004756515898325264,-10.694114852702672
1,1,0.11111296102003754,0.0,0,0.004756515898325264,-7.387950805876105
2,2,0.0,0.0,0,0.004756515898325264,18.082065658578777
