,group,selectUtilLoss,orderUtilLoss,maxRankDrop,ndcgLoss,expGain
0,0,0.1520504053192504,0.0,0,0.04938197456615612,-10.677803991022525
1,1,0.15204976684154103,0.0,0,0.04938197456615612,-4.418133029954664
2,2,0.0,0.0,0,0.04938197456615612,15.095937020977193
