,group,selectUtilLoss,orderUtilLoss,maxRankDrop,ndcgLoss,expGain
0,1,0.13889339364988906,0.1388937531016773,167,0.03740426480616288,3.342170366751038
1,0,0.13889330460321148,0.0,0,0.03740426480616288,-12.75414055107092
2,2,0.0,0.0,0,0.03740426480616288,9.411970184319888
