,group,selectUtilLoss,orderUtilLoss,maxRankDrop,ndcgLoss,kendallTauLoss,expGain
1,0,0.2207619767507506,0.2076041319035863,104,0.08911776772549418,0.45628140703517595,-10.896369766772242
0,1,0.22076190285489494,0.21418267801597468,106,0.08911776772549418,0.45628140703517595,-6.550433026242055
2,2,0.0,0.0,0,0.08911776772549418,0.45628140703517595,17.44680279301429
