,group,selectUtilLoss,orderUtilLoss,maxRankDrop,ndcgLoss,expGain
0,1,0.15204678362573087,0.0,0,0.049781481895179835,-0.008382292999711494
1,0,0.15204678362573087,0.0,0,0.049781481895179835,0.050000835942264565
2,2,0.0,0.0,0,0.049781481895179835,0.9142976751629628
