,group,selectUtilLoss,orderUtilLoss,maxRankDrop,ndcgLoss,expGain
0,1,0.15204678362573087,0.0,0,0.049781481895179835,-0.02095736748620891
1,0,0.15204678362573087,0.0,0,0.049781481895179835,0.1398982710306147
2,2,0.0,0.0,0,0.049781481895179835,0.9250404842074564
