,group,selectUtilLoss,orderUtilLoss,maxRankDrop,ndcgLoss,expGain
0,1,0.11111296102003754,0.0,0,0.004756495055921683,-7.87445613310333
1,0,0.11111287197335995,0.0,0,0.004756495055921683,-10.207609525475446
2,2,0.0,0.0,0,0.004756495055921683,18.082065658578777
