,group,selectUtilLoss,orderUtilLoss,maxRankDrop,ndcgLoss,expGain
0,0,0.1520504053192504,0.0,0,0.04938197456615612,0.008170515104604092
1,1,0.15204976684154103,0.0,0,0.04938197456615612,0.011192445459635714
2,2,0.0,0.0,0,0.04938197456615612,0.8713529415091048
