,group,selectUtilLoss,orderUtilLoss,maxRankDrop,ndcgLoss,expGain
0,0,0.15204678362573087,0.0,0,0.049781481895179835,0.1946296112005117
1,1,0.15204678362573087,0.0,0,0.049781481895179835,-0.03405221492446353
2,2,0.0,0.0,0,0.049781481895179835,0.9365890135536774
