,group,selectUtilLoss,orderUtilLoss,maxRankDrop,ndcgLoss,expGain
0,0,0.1520504053192504,0.0,0,0.04938197456615612,0.0430358102410322
1,1,0.15204976684154103,0.0,0,0.04938197456615612,0.012458494683381227
2,2,0.0,0.0,0,0.04938197456615612,0.9085737439513678
