,group,selectUtilLoss,orderUtilLoss,maxRankDrop,ndcgLoss,expGain
0,1,0.13888929494421265,0.13888933765907885,1,0.011961365313701067,2.589588943713437
1,0,0.13888976637539274,0.138889778258256,64,0.011961365313701067,-5.625841237998351
2,2,0.0,0.0,0,0.011961365313701067,inf
