,group,selectUtilLoss,orderUtilLoss,maxRankDrop,ndcgLoss,expGain
0,0,0.11111287197335995,0.0,0,0.004756515898325264,-6.474270029728332
1,1,0.11111296102003754,0.0,0,0.004756515898325264,-4.211643331727082
2,2,0.0,0.0,0,0.004756515898325264,10.68591336145542
