,group,selectUtilLoss,orderUtilLoss,maxRankDrop,ndcgLoss,expGain
0,0,0.06213825511805182,0.0,0,0.004460451926646014,0.041447218850859
1,1,0.06213761664034245,0.0,0,0.004460451926646014,0.011253378959532379
2,2,0.0,0.0,0,0.004460451926646014,0.9229486422049252
