,group,selectUtilLoss,orderUtilLoss,maxRankDrop,ndcgLoss,expGain
0,0,0.1520504053192504,0.0,0,0.04938197456615612,0.04118576039323085
1,1,0.15204976684154103,0.0,0,0.04938197456615612,0.02861981812187353
2,2,0.0,0.0,0,0.04938197456615612,0.9365890135536774
