,group,selectUtilLoss,orderUtilLoss,maxRankDrop,ndcgLoss,expGain
0,1,0.11111296102003754,0.0,0,0.004756495055921683,-9.520776477585294
1,0,0.11111287197335995,0.0,0,0.004756495055921683,-11.543405321001796
2,2,0.0,0.0,0,0.004756495055921683,21.064181798587096
