,group,selectUtilLoss,orderUtilLoss,maxRankDrop,ndcgLoss,expGain
0,0,0.06213825511805182,0.0,0,0.004460451926646014,-10.16740848285069
1,1,0.06213761664034245,0.0,0,0.004460451926646014,-7.279394310163599
2,2,0.0,0.0,0,0.004460451926646014,17.44680279301429
