,group,selectUtilLoss,orderUtilLoss,maxRankDrop,ndcgLoss,expGain
0,0,0.17324616005027205,0.16666928553364546,150,0.04135276687136202,0.167760511738829
1,1,0.17324480661594643,0.17324482248627882,-72,0.04135276687136202,0.003371553919873871
2,2,0.0,0.0,0,0.04135276687136202,0.9484862844459128
