,group,selectUtilLoss,orderUtilLoss,maxRankDrop,ndcgLoss,expGain
0,0,0.1520504053192504,0.0,0,0.04938197456615612,-6.737669560658581
1,1,0.15204976684154103,0.0,0,0.04938197456615612,-4.364153422500225
2,2,0.0,0.0,0,0.04938197456615612,11.101822983158812
