,group,selectUtilLoss,orderUtilLoss,maxRankDrop,ndcgLoss,kendallTauLoss,expGain
1,0,0.22880336180305005,0.22880339928450133,155,0.1395672835502969,0.34482412060301515,-15.581062803119128
0,1,0.22880315856153854,0.22880135090479647,136,0.1395672835502969,0.34482412060301515,-9.62073291840374
2,2,0.0,0.0,0,0.1395672835502969,0.34482412060301515,25.20179572152286
