,group,selectUtilLoss,orderUtilLoss,maxRankDrop,ndcgLoss,expGain
0,0,0.1520504053192504,0.0,0,0.04938197456615612,-7.928489520433665
1,1,0.15204976684154103,0.0,0,0.04938197456615612,-5.9572668283554755
2,2,0.0,0.0,0,0.04938197456615612,13.885756348789144
