,group,selectUtilLoss,orderUtilLoss,maxRankDrop,ndcgLoss,expGain
0,0,0.11111287197335995,0.0,0,0.004756515898325264,-10.339611380534897
1,1,0.11111296102003754,0.0,0,0.004756515898325264,7.26884098657597
2,2,0.0,0.0,0,0.004756515898325264,3.070770393958938
