,group,selectUtilLoss,orderUtilLoss,maxRankDrop,ndcgLoss,expGain
0,0,0.1520504053192504,0.0,0,0.04938197456615612,-6.983977351104173
1,1,0.15204976684154103,0.0,0,0.04938197456615612,3.9477250568192552
2,2,0.0,0.0,0,0.04938197456615612,3.0362522942849095
