,group,selectUtilLoss,orderUtilLoss,maxRankDrop,ndcgLoss,expGain
0,1,0.06213450292397649,0.0,0,0.0049867398470546664,-0.008382292999711494
1,0,0.06213450292397649,0.0,0,0.0049867398470546664,0.050000835942264565
2,2,0.0,0.0,0,0.0049867398470546664,0.9142976751629628
