,group,selectUtilLoss,orderUtilLoss,maxRankDrop,ndcgLoss,expGain
0,1,0.13888920063095367,0.13888923555104082,16,0.010415998765823886,-0.6794359658701588
1,0,0.13888920726693565,0.13888923725617774,18,0.010415998765823886,-1.9764907423308742
2,2,0.0,0.0,0,0.010415998765823886,2.6559267082010374
