,group,selectUtilLoss,orderUtilLoss,maxRankDrop,ndcgLoss,expGain
0,1,0.15204678362573087,0.0,0,0.049781481895179835,0.03044669456283655
1,0,0.15204678362573087,0.0,0,0.049781481895179835,-0.018810751527326697
2,2,0.0,0.0,0,0.049781481895179835,0.8864037783391677
