,group,selectUtilLoss,orderUtilLoss,maxRankDrop,ndcgLoss,expGain
0,1,0.15204678362573087,0.0,0,0.049781481895179835,0.018416286023726247
1,0,0.15204678362573087,0.0,0,0.049781481895179835,0.014793158632200543
2,2,0.0,0.0,0,0.049781481895179835,0.9076801557537674
