,group,selectUtilLoss,orderUtilLoss,maxRankDrop,ndcgLoss,expGain
0,0,0.1944467834615653,0.19444677543537903,85,0.06762776154306849,0.06610079906327093
1,1,0.1944467711526109,0.19444679178253732,86,0.06762776154306849,0.03866661270852134
2,2,0.0,0.0,0,0.06762776154306849,0.9274627103613531
