,group,selectUtilLoss,orderUtilLoss,maxRankDrop,ndcgLoss,expGain
0,0,0.1520504053192504,0.0,0,0.04938197456615612,0.041447218850859
1,1,0.15204976684154103,0.0,0,0.04938197456615612,0.011253378959532379
2,2,0.0,0.0,0,0.04938197456615612,0.9229486422049252
