,group,selectUtilLoss,orderUtilLoss,maxRankDrop,ndcgLoss,kendallTauLoss,expGain
1,0,0.22076062898021953,0.21418347939346427,106,0.08911771095574239,0.45487437185929647,-9.664227683479991
0,1,0.22076061686963555,0.21418345690803708,104,0.08911771095574239,0.45487437185929647,-7.782575109534298
2,2,0.0,0.0,0,0.08911771095574239,0.45487437185929647,17.44680279301429
