,group,selectUtilLoss,orderUtilLoss,maxRankDrop,ndcgLoss,expGain
0,0,0.13889330460321148,0.0,0,0.03740428496485637,-14.37600765258718
1,1,0.13889339364988906,0.0,0,0.03740428496485637,-7.5696549675362315
2,2,0.0,0.0,0,0.03740428496485637,21.94566262012342
