,group,selectUtilLoss,orderUtilLoss,maxRankDrop,ndcgLoss,expGain
0,0,0.06213825511805182,0.0,0,0.004460451926646014,0.057275843863326736
1,1,0.06213761664034245,0.0,0,0.004460451926646014,0.04172272794950471
2,2,0.0,0.0,0,0.004460451926646014,0.9366940715973753
