,group,selectUtilLoss,orderUtilLoss,maxRankDrop,ndcgLoss,expGain
0,1,0.1944449724364029,0.1944449530767246,8,0.059064344144518,0.20805284774072774
1,0,0.19444582877313665,0.19444571079276385,137,0.059064344144518,-12.756514575603363
2,2,0.0,0.0,0,0.059064344144518,12.548461727862634
