,group,selectUtilLoss,orderUtilLoss,maxRankDrop,ndcgLoss,expGain
0,0,0.11111287197335995,0.0,0,0.004756515898325264,-14.432876041370001
1,1,0.11111296102003754,0.0,0,0.004756515898325264,11.340806301684225
2,2,0.0,0.0,0,0.004756515898325264,3.092069739685787
