,group,selectUtilLoss,orderUtilLoss,maxRankDrop,ndcgLoss,expGain
0,1,0.13889339364988906,0.0,0,0.03740426480616288,0.11316151276275832
1,0,0.13889330460321148,0.0,0,0.03740426480616288,-2.9782283148023136
2,2,0.0,0.0,0,0.03740426480616288,2.865066802039554
