,group,selectUtilLoss,orderUtilLoss,maxRankDrop,ndcgLoss,kendallTau,expGain
1,0,0.16666792647265216,0.16666771914931733,78,0.038267900423867185,0.5472361809045225,-7.734239372289517
0,1,0.16666754774609938,0.16666735056678272,18,0.038267900423867185,0.5472361809045225,-1.01647833010529
2,2,0.0,0.0,0,0.038267900423867185,0.5472361809045225,8.750717702394805
