,group,selectUtilLoss,orderUtilLoss,maxRankDrop,ndcgLoss,expGain
0,1,0.14546892335201067,0.14546892727869631,28,0.02324355109517795,-1.800324921974891
1,0,0.14546901331332152,0.14546903265010191,46,0.02324355109517795,-3.824312952309814
2,2,0.0,0.0,0,0.02324355109517795,inf
