,group,selectUtilLoss,orderUtilLoss,maxRankDrop,ndcgLoss,expGain
0,1,0.1388889183274027,0.138888984842665,13,0.008228076100368575,-0.659208503875373
1,0,0.13888891483768506,0.138888968847939,13,0.008228076100368575,-1.466722690708572
2,2,0.0,0.0,0,0.008228076100368575,2.1259311945839396
