,group,selectUtilLoss,orderUtilLoss,maxRankDrop,ndcgLoss,expGain
0,1,0.11111296102003754,0.0,0,0.004756495055921683,-5.954673361117656
1,0,0.11111287197335995,0.0,0,0.004756495055921683,-7.931082987671484
2,2,0.0,0.0,0,0.004756495055921683,13.885756348789144
