,group,selectUtilLoss,orderUtilLoss,maxRankDrop,ndcgLoss,expGain
0,0,0.06213825511805182,0.0,0,0.004460451926646014,-14.401341490494628
1,1,0.06213761664034245,0.0,0,0.004460451926646014,4.989371306174743
2,2,0.0,0.0,0,0.004460451926646014,9.411970184319888
