,group,selectUtilLoss,orderUtilLoss,maxRankDrop,ndcgLoss,expGain
0,1,0.13889339364988906,0.0,0,0.03740426480616288,-5.954673361117656
1,0,0.13889330460321148,0.0,0,0.03740426480616288,-7.931082987671484
2,2,0.0,0.0,0,0.03740426480616288,13.885756348789144
