,group,selectUtilLoss,orderUtilLoss,maxRankDrop,ndcgLoss,expGain
0,0,0.06213825511805182,0.0,0,0.004460451926646014,0.09577635318509103
1,1,0.06213761664034245,0.0,0,0.004460451926646014,-0.006815338775401414
2,2,0.0,0.0,0,0.004460451926646014,0.9348507717191399
