,group,selectUtilLoss,orderUtilLoss,maxRankDrop,ndcgLoss,expGain
0,0,0.1520504053192504,0.0,0,0.04938197456615612,-10.16740848285069
1,1,0.15204976684154103,0.0,0,0.04938197456615612,-7.279394310163599
2,2,0.0,0.0,0,0.04938197456615612,17.44680279301429
