,group,selectUtilLoss,orderUtilLoss,maxRankDrop,ndcgLoss,expGain
0,0,0.19444488143415428,0.19444433963626906,68,0.051327701387102964,0.05580277979745296
1,1,0.19444487080007544,0.1944449057762243,69,0.051327701387102964,0.021671779404954905
2,2,0.0,0.0,0,0.051327701387102964,0.9242098135234107
