,group,selectUtilLoss,orderUtilLoss,maxRankDrop,ndcgLoss,expGain
0,0,0.11111287197335995,0.0,0,0.004756515898325264,-2.9185646642937293
1,1,0.11111296102003754,0.0,0,0.004756515898325264,-1.7598205519934282
2,2,0.0,0.0,0,0.004756515898325264,4.678385216287167
