,group,selectUtilLoss,orderUtilLoss,maxRankDrop,ndcgLoss,expGain
0,0,0.06213825511805182,0.0,0,0.004460451926646014,0.029087702138775207
1,1,0.06213761664034245,0.0,0,0.004460451926646014,0.009589675801205844
2,2,0.0,0.0,0,0.004460451926646014,0.8985974269330729
