,group,selectUtilLoss,orderUtilLoss,maxRankDrop,ndcgLoss,expGain
0,0,0.11111287197335995,0.0,0,0.004756515898325264,-5.2594161393033705
1,1,0.11111296102003754,0.0,0,0.004756515898325264,-3.095758092805676
2,2,0.0,0.0,0,0.004756515898325264,8.355174232109048
