,group,selectUtilLoss,orderUtilLoss,maxRankDrop,ndcgLoss,expGain
0,1,0.13889339364988906,0.1388937531016773,167,0.03740426480616288,2.589588943713437
1,0,0.13889330460321148,0.0,0,0.03740426480616288,-5.625841237998351
2,2,0.0,0.0,0,0.03740426480616288,3.0362522942849095
