,group,selectUtilLoss,orderUtilLoss,maxRankDrop,ndcgLoss,kendallTau,expGain
1,0,0.1944469902907785,0.19444689847601682,85,0.06762780524739975,0.5471356783919598,-8.403610079093106
0,1,0.19444696896105318,0.19444699521205333,86,0.06762780524739975,0.5471356783919598,-5.4821462696960435
2,2,0.0,0.0,0,0.06762780524739975,0.5471356783919598,13.885756348789144
