,group,selectUtilLoss,orderUtilLoss,maxRankDrop,ndcgLoss,expGain
0,1,0.13889339364988906,0.0,0,0.03740426480616288,-3.478070284183673
1,0,0.13889330460321148,0.0,0,0.03740426480616288,-4.114276764891262
2,2,0.0,0.0,0,0.03740426480616288,7.592347049074941
