,group,selectUtilLoss,orderUtilLoss,maxRankDrop,ndcgLoss,expGain
0,0,0.1520504053192504,0.0,0,0.04938197456615612,0.16741193305018842
1,1,0.15204976684154103,0.0,0,0.04938197456615612,0.008162325638558676
2,2,0.0,0.0,0,0.04938197456615612,0.956437073189631
