,group,selectUtilLoss,orderUtilLoss,maxRankDrop,ndcgLoss,expGain
0,0,0.1520504053192504,0.0,0,0.04938197456615612,-14.401341490494628
1,1,0.15204976684154103,0.0,0,0.04938197456615612,4.989371306174743
2,2,0.0,0.0,0,0.04938197456615612,9.411970184319888
