,group,selectUtilLoss,orderUtilLoss,maxRankDrop,ndcgLoss,expGain
0,0,0.06213450292397649,0.0,0,0.0049867398470546664,0.20225839077128493
1,1,0.06213450292397649,0.0,0,0.0049867398470546664,-0.02206379962725502
2,2,0.0,0.0,0,0.0049867398470546664,0.9366070933143339
