,group,selectUtilLoss,orderUtilLoss,maxRankDrop,ndcgLoss,expGain
0,1,0.06213450292397649,0.0,0,0.0049867398470546664,0.043315074468361914
1,2,0.0,0.0,0,0.0049867398470546664,0.9392588767816286
2,0,0.06213450292397649,0.0,0,0.0049867398470546664,-0.09290770015640748
