,group,selectUtilLoss,orderUtilLoss,maxRankDrop,ndcgLoss,kendallTauLoss,expGain
1,0,0.13888952800887788,0.1388895477029234,20,0.010416032990883561,0.1507537688442212,-1.4903449601594936
0,1,0.13888950658301025,0.13888950694125024,15,0.010416032990883561,0.1507537688442212,-1.16558174804155
2,2,0.0,0.0,0,0.010416032990883561,0.1507537688442212,2.6559267082010374
