,group,selectUtilLoss,orderUtilLoss,maxRankDrop,ndcgLoss,expGain
0,0,0.06213825511805182,0.0,0,0.004460451926646014,-6.737669560658581
1,1,0.06213761664034245,0.0,0,0.004460451926646014,-4.364153422500225
2,2,0.0,0.0,0,0.004460451926646014,11.101822983158812
