,group,selectUtilLoss,orderUtilLoss,maxRankDrop,ndcgLoss,expGain
0,0,0.15204678362573087,0.0,0,0.049781481895179835,0.1225345535350455
1,1,0.15204678362573087,0.0,0,0.049781481895179835,-0.025231711868272222
2,2,0.0,0.0,0,0.049781481895179835,0.9179301254197832
