,group,selectUtilLoss,orderUtilLoss,maxRankDrop,ndcgLoss,expGain
0,0,0.06213825511805182,0.0,0,0.004460451926646014,-14.420002147125931
1,1,0.06213761664034245,0.0,0,0.004460451926646014,-4.380825634281038
2,2,0.0,0.0,0,0.004460451926646014,18.80082778140697
