,group,selectUtilLoss,orderUtilLoss,maxRankDrop,ndcgLoss,kendallTau,expGain
1,0,0.19444476306931613,0.1944447708473469,81,0.05368207549161674,0.5233165829145728,-8.155983925942362
0,1,0.19444460767195726,0.19444462543016727,50,0.05368207549161674,0.5233165829145728,-3.4206430521891633
2,2,0.0,0.0,0,0.05368207549161674,0.5233165829145728,11.576626978131518
