,group,selectUtilLoss,orderUtilLoss,maxRankDrop,ndcgLoss,kendallTauLoss,expGain
1,0,0.145466776319098,0.14546678719650885,32,0.02080173390998863,0.2519597989949749,-3.1622695729767116
0,1,0.14546671247978327,0.14546679631164638,32,0.02080173390998863,0.2519597989949749,-1.8858971647520395
2,2,0.0,0.0,0,0.02080173390998863,0.2519597989949749,5.048166737728744
