,group,selectUtilLoss,orderUtilLoss,maxRankDrop,ndcgLoss,expGain
0,0,0.22222417937097927,0.2222237267022843,147,0.1178053725810776,0.17277848517225625
1,1,0.22222371676651842,0.22222358383205698,107,0.1178053725810776,0.035110357754565946
2,2,0.0,0.0,0,0.1178053725810776,0.9549928833900777
