,group,selectUtilLoss,orderUtilLoss,maxRankDrop,ndcgLoss,expGain
0,1,0.1944444444444443,0.1944444444444443,1,0.06762751176618009,0.08607510991285805
1,0,0.1944444444444443,0.1944444444444443,106,0.06762751176618009,-0.00948542040753464
2,2,0.0,0.0,0,0.06762751176618009,0.9274627103613531
