,group,selectUtilLoss,orderUtilLoss,maxRankDrop,ndcgLoss,expGain
0,0,0.1520504053192504,0.0,0,0.04938197456615612,0.16729027931381601
1,1,0.15204976684154103,0.0,0,0.04938197456615612,0.00954461121314798
2,2,0.0,0.0,0,0.04938197456615612,0.9484234124222485
