,group,selectUtilLoss,orderUtilLoss,maxRankDrop,ndcgLoss,kendallTau,expGain
1,0,0.14546916570176527,0.14546887786048845,145,0.025868086992535844,0.5612060301507537,-14.939756742442022
0,1,0.14546753747711771,0.14546754228106695,0,0.025868086992535844,0.5612060301507537,8.699073962593355
2,2,0.0,0.0,0,0.025868086992535844,0.5612060301507537,6.2406827798486635
