,group,selectUtilLoss,orderUtilLoss,maxRankDrop,ndcgLoss,expGain
0,0,0.1944444444444443,0.1944444444444443,136,0.05578606999175062,0.2923598804203351
1,1,0.1944444444444443,0.1944444444444443,-36,0.05578606999175062,-0.03355401019931059
2,2,0.0,0.0,0,0.05578606999175062,0.9387042326473166
