,group,selectUtilLoss,orderUtilLoss,maxRankDrop,ndcgLoss,expGain
0,0,0.06213825511805182,0.0,0,0.004460451926646014,0.17277848517225625
1,1,0.06213761664034245,0.0,0,0.004460451926646014,0.035110357754565946
2,2,0.0,0.0,0,0.004460451926646014,0.9549928833900777
