,group,selectUtilLoss,orderUtilLoss,maxRankDrop,ndcgLoss,expGain
0,0,0.13889145569407912,0.1388914740730569,30,0.019223976511080654,-2.9185646642937293
1,1,0.13889142224952333,0.13889146490238968,30,0.019223976511080654,-1.7598205519934282
2,2,0.0,0.0,0,0.019223976511080654,4.678385216287167
