,group,selectUtilLoss,orderUtilLoss,maxRankDrop,ndcgLoss,kendallTauLoss,expGain
1,0,0.11111287197335995,0.0,0,0.004756495055921683,0.9762814070351759,-17.74296828127142
0,1,0.11111296102003754,0.11111332047182576,156,0.004756495055921683,0.9762814070351759,15.612038527699998
2,2,0.0,0.0,0,0.004756495055921683,0.9762814070351759,2.1309297535714578
