,group,selectUtilLoss,orderUtilLoss,maxRankDrop,ndcgLoss,kendallTau,expGain
1,0,0.16666868166431636,0.16666823352805915,118,0.03939244924338825,0.4779899497487437,-11.333615748340154
0,1,0.16666795731448825,0.16666796260914085,2,0.03939244924338825,0.4779899497487437,2.3402422629998103
2,2,0.0,0.0,0,0.03939244924338825,0.4779899497487437,8.993373485340337
