,group,selectUtilLoss,orderUtilLoss,maxRankDrop,ndcgLoss,expGain
0,1,0.11111296102003754,0.0,0,0.004756495055921683,-5.650823281010313
1,0,0.11111287197335995,0.0,0,0.004756495055921683,-9.445113739966873
2,2,0.0,0.0,0,0.004756495055921683,15.095937020977193
