,group,selectUtilLoss,orderUtilLoss,maxRankDrop,ndcgLoss,expGain
0,0,0.06213825511805182,0.0,0,0.004460451926646014,0.16809085458043915
1,1,0.06213761664034245,0.0,0,0.004460451926646014,0.00049552996178992
2,2,0.0,0.0,0,0.004460451926646014,0.9433522269533156
