,group,selectUtilLoss,orderUtilLoss,maxRankDrop,ndcgLoss,kendallTauLoss,expGain
1,0,0.19444607217287657,0.1944457872868559,146,0.059064436789328045,0.543316582914573,-14.94379854224555
0,1,0.1944449371106043,0.19444467951876587,2,0.059064436789328045,0.543316582914573,2.3953368143829064
2,2,0.0,0.0,0,0.059064436789328045,0.543316582914573,12.548461727862634
