,group,selectUtilLoss,orderUtilLoss,maxRankDrop,ndcgLoss,expGain
0,0,0.22880236306562562,0.22880236869323678,155,0.1395671364403348,0.12811258909309342
1,1,0.22880222636670244,0.22880152316233893,135,0.1395671364403348,0.12655679806100228
2,2,0.0,0.0,0,0.1395671364403348,0.958693775848121
