,group,selectUtilLoss,orderUtilLoss,maxRankDrop,ndcgLoss,expGain
0,0,0.15204678362573087,0.0,0,0.049781481895179835,0.2923598804203351
1,1,0.15204678362573087,0.0,0,0.049781481895179835,-0.03355401019931059
2,2,0.0,0.0,0,0.049781481895179835,0.9387042326473166
