,group,selectUtilLoss,orderUtilLoss,maxRankDrop,ndcgLoss,expGain
0,0,0.11111287197335995,0.0,0,0.004756515898325264,-1.0875207126067394
1,1,0.11111296102003754,0.0,0,0.004756515898325264,-1.036196901927397
2,2,0.0,0.0,0,0.004756515898325264,2.1237176145341365
