,group,selectUtilLoss,orderUtilLoss,maxRankDrop,ndcgLoss,expGain
0,0,0.1520504053192504,0.0,0,0.04938197456615612,-5.2594161393033705
1,1,0.15204976684154103,0.0,0,0.04938197456615612,-3.095758092805676
2,2,0.0,0.0,0,0.04938197456615612,8.355174232109048
