,group,selectUtilLoss,orderUtilLoss,maxRankDrop,ndcgLoss,expGain
0,0,0.06213825511805182,0.0,0,0.004460451926646014,-6.929873881250646
1,1,0.06213761664034245,0.0,0,0.004460451926646014,-1.8208438211441553
2,2,0.0,0.0,0,0.004460451926646014,8.750717702394805
