,group,selectUtilLoss,orderUtilLoss,maxRankDrop,ndcgLoss,expGain
0,0,0.06213825511805182,0.0,0,0.004460451926646014,-10.293532721121677
1,1,0.06213761664034245,0.0,0,0.004460451926646014,1.30015923578134
2,2,0.0,0.0,0,0.004460451926646014,8.993373485340337
