,group,selectUtilLoss,orderUtilLoss,maxRankDrop,ndcgLoss,expGain
0,0,0.11111287197335995,0.0,0,0.004756515898325264,-3.2474167833069494
1,1,0.11111296102003754,0.0,0,0.004756515898325264,-1.915008064504514
2,2,0.0,0.0,0,0.004756515898325264,5.162424847811468
