,group,selectUtilLoss,orderUtilLoss,maxRankDrop,ndcgLoss,expGain
0,0,0.13889330460321148,0.0,0,0.03740428496485637,-7.107907181611704
1,1,0.13889339364988906,0.0,0,0.03740428496485637,-4.468719796519814
2,2,0.0,0.0,0,0.03740428496485637,11.576626978131518
