,group,selectUtilLoss,orderUtilLoss,maxRankDrop,ndcgLoss,expGain
0,0,0.06213825511805182,0.0,0,0.004460451926646014,-3.2474167833069494
1,1,0.06213761664034245,0.0,0,0.004460451926646014,-1.915008064504514
2,2,0.0,0.0,0,0.004460451926646014,5.162424847811468
