,group,selectUtilLoss,orderUtilLoss,maxRankDrop,ndcgLoss,expGain
0,0,0.06213825511805182,0.0,0,0.004460451926646014,-11.965710593505705
1,1,0.06213761664034245,0.0,0,0.004460451926646014,-9.098471205081385
2,2,0.0,0.0,0,0.004460451926646014,21.064181798587096
