,group,selectUtilLoss,orderUtilLoss,maxRankDrop,ndcgLoss,expGain
0,0,0.1520504053192504,0.0,0,0.04938197456615612,-2.9185646642937293
1,1,0.15204976684154103,0.0,0,0.04938197456615612,-1.7598205519934282
2,2,0.0,0.0,0,0.04938197456615612,4.678385216287167
