,group,selectUtilLoss,orderUtilLoss,maxRankDrop,ndcgLoss,kendallTau,expGain
1,0,0.22222438675636924,0.22222409073306681,144,0.11780549723529388,0.5608040201005026,-15.346767237879053
0,1,0.2222239262021789,0.22222394950932056,106,0.11780549723529388,0.5608040201005026,-6.598895382244369
2,2,0.0,0.0,0,0.11780549723529388,0.5608040201005026,21.94566262012342
