,group,selectUtilLoss,orderUtilLoss,maxRankDrop,ndcgLoss,expGain
0,0,0.16666666666666652,0.16666666666666652,112,0.03826773861588262,0.03674482606454199
1,1,0.16666666666666652,0.16666666666666652,-44,0.03826773861588262,0.018539857186778974
2,2,0.0,0.0,0,0.03826773861588262,0.93084052416177
