,group,selectUtilLoss,orderUtilLoss,maxRankDrop,ndcgLoss,kendallTau,expGain
1,0,0.19444607217287657,0.1944457872868559,146,0.059064436789328045,0.4566834170854271,-14.94379854224555
0,1,0.1944449371106043,0.19444467951876587,2,0.059064436789328045,0.4566834170854271,2.3953368143829064
2,2,0.0,0.0,0,0.059064436789328045,0.4566834170854271,12.548461727862634
