,group,selectUtilLoss,orderUtilLoss,maxRankDrop,ndcgLoss,expGain
0,0,0.1520504053192504,0.0,0,0.04938197456615612,0.010824055932615817
1,1,0.15204976684154103,0.0,0,0.04938197456615612,0.006145418598110686
2,2,0.0,0.0,0,0.04938197456615612,0.9111874157692764
