,group,selectUtilLoss,orderUtilLoss,maxRankDrop,ndcgLoss,expGain
0,1,0.20102339181286533,0.20102339181286533,28,0.07095830417960358,0.06159504556295148
1,0,0.20102339181286533,0.1944444444444443,96,0.07095830417960358,0.02992800325652345
2,2,0.0,0.0,0,0.07095830417960358,0.9366940715973753
