,group,selectUtilLoss,orderUtilLoss,maxRankDrop,ndcgLoss,expGain
0,1,0.11111296102003754,0.0,0,0.004756495055921683,-1.800324921974891
1,0,0.11111287197335995,0.0,0,0.004756495055921683,-3.824312952309814
2,2,0.0,0.0,0,0.004756495055921683,5.624637874284706
