,group,selectUtilLoss,orderUtilLoss,maxRankDrop,ndcgLoss,expGain
0,0,0.20102391696333433,0.20102349708756906,109,0.07425369865388531,0.07543621238320952
1,1,0.20102372169995553,0.20102329305836708,68,0.07425369865388531,0.03371767259037228
2,2,0.0,0.0,0,0.07425369865388531,0.9425352818372512
