,group,selectUtilLoss,orderUtilLoss,maxRankDrop,ndcgLoss,expGain
0,1,0.15204678362573087,0.0,0,0.049781481895179835,0.08607510991285805
1,0,0.15204678362573087,0.0,0,0.049781481895179835,-0.00948542040753464
2,2,0.0,0.0,0,0.049781481895179835,0.9274627103613531
