,group,selectUtilLoss,orderUtilLoss,maxRankDrop,ndcgLoss,expGain
0,0,0.1944442867125934,0.19444411010412255,66,0.04910432125250064,0.06173158997996686
1,1,0.19444428511824552,0.19444428677535375,67,0.04910432125250064,0.0196269902082733
2,2,0.0,0.0,0,0.04910432125250064,0.9161407776605575
