,group,selectUtilLoss,orderUtilLoss,maxRankDrop,ndcgLoss,expGain
0,0,0.1520504053192504,0.0,0,0.04938197456615612,0.09684781380803198
1,1,0.15204976684154103,0.0,0,0.04938197456615612,-0.003567566912200837
2,2,0.0,0.0,0,0.04938197456615612,0.9392588767816286
