,group,selectUtilLoss,orderUtilLoss,maxRankDrop,ndcgLoss,expGain
0,0,0.22222355128348237,0.22222352259384492,128,0.11270424011112112,-11.965710593505705
1,1,0.22222353549787233,0.22222325798352394,119,0.11270424011112112,-9.098471205081385
2,2,0.0,0.0,0,0.11270424011112112,21.064181798587096
