,group,selectUtilLoss,orderUtilLoss,maxRankDrop,ndcgLoss,expGain
0,1,0.13889339364988906,0.1388937531016773,167,0.03740426480616288,-0.6874283430082606
1,0,0.13889330460321148,0.0,0,0.03740426480616288,-1.781600782976282
2,2,0.0,0.0,0,0.03740426480616288,2.4690291259845467
