,group,selectUtilLoss,orderUtilLoss,maxRankDrop,ndcgLoss,expGain
0,0,0.13889330460321148,0.0,0,0.03740428496485637,-6.983977351104173
1,1,0.13889339364988906,0.0,0,0.03740428496485637,3.9477250568192552
2,2,0.0,0.0,0,0.03740428496485637,3.0362522942849095
