,group,selectUtilLoss,orderUtilLoss,maxRankDrop,ndcgLoss,expGain
0,1,0.11111296102003754,0.11111332047182576,139,0.004756495055921683,-0.0354087522217128
1,0,0.11111287197335995,0.0,0,0.004756495055921683,-5.785543951567524
2,2,0.0,0.0,0,0.004756495055921683,5.820952703789241
