,group,selectUtilLoss,orderUtilLoss,maxRankDrop,ndcgLoss,expGain
0,0,0.11111287197335995,0.0,0,0.004756515898325264,-14.420002147125931
1,1,0.11111296102003754,0.0,0,0.004756515898325264,-4.380825634281038
2,2,0.0,0.0,0,0.004756515898325264,18.80082778140697
