,group,selectUtilLoss,orderUtilLoss,maxRankDrop,ndcgLoss,expGain
0,0,0.13889330460321148,0.0,0,0.03740428496485637,-14.403715515027072
1,1,0.13889339364988906,0.0,0,0.03740428496485637,1.8552537871644361
2,2,0.0,0.0,0,0.03740428496485637,12.548461727862634
