,group,selectUtilLoss,orderUtilLoss,maxRankDrop,ndcgLoss,expGain
0,0,0.2010230945871816,0.20102310260615464,91,0.07095856811238455,-8.404441893483028
1,1,0.20102308386310241,0.19444738973164388,84,0.07095856811238455,-6.108732373633973
2,2,0.0,0.0,0,0.07095856811238455,14.513174267117002
