,group,selectUtilLoss,orderUtilLoss,maxRankDrop,ndcgLoss,expGain
0,1,0.13889339364988906,0.0,0,0.03740426480616288,-1.91193727129758
1,0,0.13889330460321148,0.0,0,0.03740426480616288,-2.76644794498959
2,2,0.0,0.0,0,0.03740426480616288,4.678385216287167
