,group,selectUtilLoss,orderUtilLoss,maxRankDrop,ndcgLoss,expGain
0,0,0.13889330460321148,0.0,0,0.03740428496485637,-7.928489520433665
1,1,0.13889339364988906,0.0,0,0.03740428496485637,-5.9572668283554755
2,2,0.0,0.0,0,0.03740428496485637,13.885756348789144
