,group,selectUtilLoss,orderUtilLoss,maxRankDrop,ndcgLoss,expGain
0,1,0.15204678362573087,0.0,0,0.049781481895179835,-0.007176588007934859
1,0,0.15204678362573087,0.0,0,0.049781481895179835,0.17344686548870447
2,2,0.0,0.0,0,0.049781481895179835,0.9433522269533156
