,group,selectUtilLoss,orderUtilLoss,maxRankDrop,ndcgLoss,expGain
0,0,0.1520504053192504,0.0,0,0.04938197456615612,-1.59389404163662
1,1,0.15204976684154103,0.0,0,0.04938197456615612,-1.0620326665644182
2,2,0.0,0.0,0,0.04938197456615612,2.6559267082010374
