,group,selectUtilLoss,orderUtilLoss,maxRankDrop,ndcgLoss,expGain
0,1,0.11111296102003754,0.11111332047182576,156,0.004756495055921683,15.612038527699998
1,0,0.11111287197335995,0.0,0,0.004756495055921683,-17.74296828127142
2,2,0.0,0.0,0,0.004756495055921683,2.1309297535714578
