,group,selectUtilLoss,orderUtilLoss,maxRankDrop,ndcgLoss,expGain
0,0,0.2207602339181285,0.20760233918128634,130,0.08911735943679444,0.20225839077128493
1,1,0.2207602339181285,0.21418128654970747,64,0.08911735943679444,-0.02206379962725502
2,2,0.0,0.0,0,0.08911735943679444,0.9366070933143339
