,group,selectUtilLoss,orderUtilLoss,maxRankDrop,ndcgLoss,expGain
0,0,0.06213825511805182,0.0,0,0.004460451926646014,0.009801379073853589
1,1,0.06213761664034245,0.0,0,0.004460451926646014,0.009289825340282887
2,2,0.0,0.0,0,0.004460451926646014,0.8974133647689806
