,group,selectUtilLoss,orderUtilLoss,maxRankDrop,ndcgLoss,expGain
0,0,0.1520504053192504,0.0,0,0.04938197456615612,-3.3871839070314316
1,1,0.15204976684154103,0.0,0,0.04938197456615612,0.522117104991878
2,2,0.0,0.0,0,0.04938197456615612,2.865066802039554
