,group,selectUtilLoss,orderUtilLoss,maxRankDrop,ndcgLoss,expGain
0,0,0.1520504053192504,0.0,0,0.04938197456615612,0.04310586250400972
1,1,0.15204976684154103,0.0,0,0.04938197456615612,0.0037644435194402748
2,2,0.0,0.0,0,0.04938197456615612,0.9287887319973545
