,group,selectUtilLoss,orderUtilLoss,maxRankDrop,ndcgLoss,expGain
0,1,0.22880237599118203,0.2288017559374712,141,0.13956718077175223,-11.371733296165672
1,2,0.0,0.0,0,0.13956718077175223,inf
2,0,0.22880239209323128,0.2288024023440004,155,0.13956718077175223,-13.830062425357184
