,group,selectUtilLoss,orderUtilLoss,maxRankDrop,ndcgLoss,expGain
0,0,0.1520504053192504,0.0,0,0.04938197456615612,0.08947343231945482
1,1,0.15204976684154103,0.0,0,0.04938197456615612,0.051539808747039784
2,2,0.0,0.0,0,0.04938197456615612,0.9366070933143339
