,group,selectUtilLoss,orderUtilLoss,maxRankDrop,ndcgLoss,expGain
0,0,0.1520504053192504,0.0,0,0.04938197456615612,0.1640643217036568
1,1,0.15204976684154103,0.0,0,0.04938197456615612,0.020020613953864896
2,2,0.0,0.0,0,0.04938197456615612,0.9557050830305448
