,group,selectUtilLoss,orderUtilLoss,maxRankDrop,ndcgLoss,expGain
0,1,0.13889339364988906,0.0,0,0.03740426480616288,-0.6794359658701588
1,0,0.13889330460321148,0.0,0,0.03740426480616288,-1.9764907423308742
2,2,0.0,0.0,0,0.03740426480616288,2.6559267082010374
