,group,selectUtilLoss,orderUtilLoss,maxRankDrop,ndcgLoss,expGain
0,0,0.13889330460321148,0.0,0,0.03740428496485637,-10.16740848285069
1,1,0.13889339364988906,0.0,0,0.03740428496485637,-7.279394310163599
2,2,0.0,0.0,0,0.03740428496485637,17.44680279301429
