,group,selectUtilLoss,orderUtilLoss,maxRankDrop,ndcgLoss,expGain
0,0,0.13889330460321148,0.0,0,0.03740428496485637,-5.024442584733178
1,1,0.13889339364988906,0.0,0,0.03740428496485637,-2.9512943356979147
2,2,0.0,0.0,0,0.03740428496485637,7.975736920431098
