,group,selectUtilLoss,orderUtilLoss,maxRankDrop,ndcgLoss,expGain
0,1,0.13889339364988906,0.0,0,0.03740426480616288,-2.8957049037535985
1,2,0.0,0.0,0,0.03740426480616288,15.651605295946268
2,0,0.13889330460321148,0.0,0,0.03740426480616288,-12.755900392192673
