,group,selectUtilLoss,orderUtilLoss,maxRankDrop,ndcgLoss,expGain
0,1,0.19444385903856753,0.17324790931277445,59,0.04910433751261889,-4.673246626458484
1,0,0.194443858299726,0.19444386447008033,67,0.04910433751261889,-6.012666734996932
2,2,0.0,0.0,0,0.04910433751261889,10.68591336145542
