,group,selectUtilLoss,orderUtilLoss,maxRankDrop,ndcgLoss,kendallTauLoss,expGain
1,0,0.16666841836886326,0.16666786158266478,67,0.03826787644628904,0.41135678391959796,-6.178635877013306
0,1,0.16666822194735087,0.16666765458517518,35,0.03826787644628904,0.41135678391959796,-2.5720818253814866
2,2,0.0,0.0,0,0.03826787644628904,0.41135678391959796,8.750717702394805
