,group,selectUtilLoss,orderUtilLoss,maxRankDrop,ndcgLoss,expGain
0,1,0.11111296102003754,0.0,0,0.004756495055921683,-5.796648360544985
1,2,0.0,0.0,0,0.004756495055921683,18.80082778140697
2,0,0.11111287197335995,0.0,0,0.004756495055921683,-13.00417942086198
