,group,selectUtilLoss,orderUtilLoss,maxRankDrop,ndcgLoss,expGain
0,1,0.11111296102003754,0.0,0,0.004756495055921683,-2.825843618094794
1,0,0.11111287197335995,0.0,0,0.004756495055921683,-9.095467276623667
2,2,0.0,0.0,0,0.004756495055921683,11.921310894718466
