,group,selectUtilLoss,orderUtilLoss,maxRankDrop,ndcgLoss,kendallTauLoss,expGain
1,0,0.1666676108414764,0.16666761328626456,55,0.03634714425386065,0.3696482412060301,-4.937408315354817
0,1,0.16666752371119842,0.16666717222341276,46,0.03634714425386065,0.3696482412060301,-3.3953573856844947
2,2,0.0,0.0,0,0.03634714425386065,0.3696482412060301,8.332765701039312
