,group,selectUtilLoss,orderUtilLoss,maxRankDrop,ndcgLoss,expGain
0,1,0.11111296102003754,0.0,0,0.004756495055921683,-0.6794359658701588
1,0,0.11111287197335995,0.0,0,0.004756495055921683,-1.9764907423308742
2,2,0.0,0.0,0,0.004756495055921683,2.6559267082010374
