,group,selectUtilLoss,orderUtilLoss,maxRankDrop,ndcgLoss,expGain
0,1,0.13889339364988906,0.0,0,0.03740426480616288,-3.3953573856844947
1,0,0.13889330460321148,0.0,0,0.03740426480616288,-4.937408315354817
2,2,0.0,0.0,0,0.03740426480616288,8.332765701039312
