,group,selectUtilLoss,orderUtilLoss,maxRankDrop,ndcgLoss,expGain
0,0,0.1520504053192504,0.0,0,0.04938197456615612,0.05580277979745296
1,1,0.15204976684154103,0.0,0,0.04938197456615612,0.021671779404954905
2,2,0.0,0.0,0,0.04938197456615612,0.9242098135234107
