,group,selectUtilLoss,orderUtilLoss,maxRankDrop,ndcgLoss,expGain
0,0,0.22222111363781094,0.22222071137240695,110,0.09285946889301055,0.07359911534567165
1,1,0.22222108586126255,0.22222068957726293,106,0.09285946889301055,0.061872793362864
2,2,0.0,0.0,0,0.09285946889301055,0.9442363707040933
