,group,selectUtilLoss,orderUtilLoss,maxRankDrop,ndcgLoss,expGain
0,0,0.13889007684819432,0.1388901062769391,107,0.0120701759669406,0.09175776601745222
1,1,0.13888907185500987,0.13888911353498057,-98,0.0120701759669406,-0.008893033809470374
2,2,0.0,0.0,0,0.0120701759669406,0.9283657547720194
