,group,selectUtilLoss,orderUtilLoss,maxRankDrop,ndcgLoss,expGain
0,1,0.13889339364988906,0.1388937531016773,167,0.03740426480616288,5.910704873470149
1,0,0.13889330460321148,0.0,0,0.03740426480616288,-8.981475267429078
2,2,0.0,0.0,0,0.03740426480616288,3.070770393958938
