,group,selectUtilLoss,orderUtilLoss,maxRankDrop,ndcgLoss,expGain
0,0,0.1520504053192504,0.0,0,0.04938197456615612,0.04067881513288141
1,1,0.15204976684154103,0.0,0,0.04938197456615612,0.016999169432052708
2,2,0.0,0.0,0,0.04938197456615612,0.93084052416177
