,group,selectUtilLoss,orderUtilLoss,maxRankDrop,ndcgLoss,expGain
0,0,0.06213825511805182,0.0,0,0.004460451926646014,-5.024442584733178
1,1,0.06213761664034245,0.0,0,0.004460451926646014,-2.9512943356979147
2,2,0.0,0.0,0,0.004460451926646014,7.975736920431098
