,group,selectUtilLoss,orderUtilLoss,maxRankDrop,ndcgLoss,expGain
0,1,0.16666666666666652,0.16666666666666652,-43,0.03643490609495914,-0.02095736748620891
1,0,0.16666666666666652,0.16666666666666652,120,0.03643490609495914,0.1398982710306147
2,2,0.0,0.0,0,0.03643490609495914,0.9250404842074564
