,group,selectUtilLoss,orderUtilLoss,maxRankDrop,ndcgLoss,expGain
0,1,0.06213450292397649,0.0,0,0.0049867398470546664,-0.0065935707510299535
1,0,0.06213450292397649,0.0,0,0.0049867398470546664,0.03321973407561263
2,2,0.0,0.0,0,0.0049867398470546664,0.9111874157692764
