,group,selectUtilLoss,orderUtilLoss,maxRankDrop,ndcgLoss,expGain
0,0,0.11111287197335995,0.0,0,0.004756515898325264,-14.801117742375824
1,1,0.11111296102003754,0.0,0,0.004756515898325264,-10.400677979147034
2,2,0.0,0.0,0,0.004756515898325264,25.20179572152286
