,group,selectUtilLoss,orderUtilLoss,maxRankDrop,ndcgLoss,expGain
0,1,0.06213450292397649,0.0,0,0.0049867398470546664,0.06631726938015059
1,0,0.06213450292397649,0.0,0,0.0049867398470546664,0.06707537963543198
2,2,0.0,0.0,0,0.0049867398470546664,0.9442363707040933
