,group,selectUtilLoss,orderUtilLoss,maxRankDrop,ndcgLoss,expGain
0,0,0.06213825511805182,0.0,0,0.004460451926646014,0.16729027931381601
1,1,0.06213761664034245,0.0,0,0.004460451926646014,0.00954461121314798
2,2,0.0,0.0,0,0.004460451926646014,0.9484234124222485
