,group,selectUtilLoss,orderUtilLoss,maxRankDrop,ndcgLoss,expGain
0,0,0.1520504053192504,0.0,0,0.04938197456615612,-6.8990295225551215
1,1,0.15204976684154103,0.0,0,0.04938197456615612,1.0780768187658794
2,2,0.0,0.0,0,0.04938197456615612,5.820952703789241
