,group,selectUtilLoss,orderUtilLoss,maxRankDrop,ndcgLoss,expGain
0,1,0.11111296102003754,0.11111332047182576,139,0.004756495055921683,-4.597402740297053
1,0,0.11111287197335995,0.0,0,0.004756495055921683,-6.504420242861757
2,2,0.0,0.0,0,0.004756495055921683,11.101822983158812
