,group,selectUtilLoss,orderUtilLoss,maxRankDrop,ndcgLoss,expGain
0,0,0.16666724147443146,0.16666724594031157,51,0.03456121877210849,-5.024442584733178
1,1,0.16666720857887318,0.16666725002171756,50,0.03456121877210849,-2.9512943356979147
2,2,0.0,0.0,0,0.03456121877210849,7.975736920431098
