,group,selectUtilLoss,orderUtilLoss,maxRankDrop,ndcgLoss,expGain
0,1,0.13888888888888873,0.13888888888888873,-34,0.009635157184870513,0.03044669456283655
1,0,0.13888888888888873,0.13888888888888873,21,0.009635157184870513,-0.018810751527326697
2,2,0.0,0.0,0,0.009635157184870513,0.8864037783391677
