,group,selectUtilLoss,orderUtilLoss,maxRankDrop,ndcgLoss,expGain
0,0,0.13889330460321148,0.0,0,0.03740428496485637,-6.8990295225551215
1,1,0.13889339364988906,0.0,0,0.03740428496485637,1.0780768187658794
2,2,0.0,0.0,0,0.03740428496485637,5.820952703789241
