,group,selectUtilLoss,orderUtilLoss,maxRankDrop,ndcgLoss,expGain
0,1,0.06213450292397649,0.0,0,0.0049867398470546664,-0.02095736748620891
1,0,0.06213450292397649,0.0,0,0.0049867398470546664,0.1398982710306147
2,2,0.0,0.0,0,0.0049867398470546664,0.9250404842074564
