,group,selectUtilLoss,orderUtilLoss,maxRankDrop,ndcgLoss,expGain
0,1,0.13889339364988906,0.1388937531016773,184,0.03740426480616288,8.381387239430541
1,0,0.13889330460321148,0.0,0,0.03740426480616288,-17.74296828127142
2,2,0.0,0.0,0,0.03740426480616288,9.361581041840884
