,group,selectUtilLoss,orderUtilLoss,maxRankDrop,ndcgLoss,expGain
0,1,0.06213450292397649,0.0,0,0.0049867398470546664,0.06159504556295148
1,0,0.06213450292397649,0.0,0,0.0049867398470546664,0.02992800325652345
2,2,0.0,0.0,0,0.0049867398470546664,0.9366940715973753
