,group,selectUtilLoss,orderUtilLoss,maxRankDrop,ndcgLoss,expGain
0,1,0.11111296102003754,0.0,0,0.004756495055921683,5.910704873470149
1,0,0.11111287197335995,0.0,0,0.004756495055921683,-8.981475267429078
2,2,0.0,0.0,0,0.004756495055921683,3.070770393958938
