,group,selectUtilLoss,orderUtilLoss,maxRankDrop,ndcgLoss,expGain
0,0,0.11111287197335995,0.0,0,0.004756515898325264,-8.404441893483028
1,1,0.11111296102003754,0.0,0,0.004756515898325264,-6.108732373633973
2,2,0.0,0.0,0,0.004756515898325264,14.513174267117002
