,group,selectUtilLoss,orderUtilLoss,maxRankDrop,ndcgLoss,expGain
0,1,0.16666666666666652,0.16666666666666652,-11,0.03456112862234695,0.00041939140943725306
1,0,0.16666666666666652,0.16666666666666652,94,0.03456112862234695,0.06366458717444634
2,2,0.0,0.0,0,0.03456112862234695,0.9162757317886508
