,group,selectUtilLoss,orderUtilLoss,maxRankDrop,ndcgLoss,expGain
0,0,0.22076150960433272,0.21418007834135022,106,0.08911769259485924,-10.16740848285069
1,1,0.22076147758664277,0.2141800638231598,103,0.08911769259485924,-7.279394310163599
2,2,0.0,0.0,0,0.08911769259485924,17.44680279301429
