,group,selectUtilLoss,orderUtilLoss,maxRankDrop,ndcgLoss,expGain
0,0,0.13889330460321148,0.0,0,0.03740428496485637,-6.929873881250646
1,1,0.13889339364988906,0.0,0,0.03740428496485637,-1.8208438211441553
2,2,0.0,0.0,0,0.03740428496485637,8.750717702394805
