,group,selectUtilLoss,orderUtilLoss,maxRankDrop,ndcgLoss,expGain
0,1,0.15204678362573087,0.0,0,0.049781481895179835,0.014212096404053964
1,2,0.0,0.0,0,0.049781481895179835,0.9348050454499406
2,0,0.15204678362573087,0.0,0,0.049781481895179835,-0.1164531562794513
