,group,selectUtilLoss,orderUtilLoss,maxRankDrop,ndcgLoss,kendallTau,expGain
1,0,0.22222393370737203,0.22222384035768916,130,0.11270434810286023,0.5712562814070351,-12.566767300219876
0,1,0.22222387945563649,0.2222236419620528,116,0.11270434810286023,0.5712562814070351,-8.497414498367224
2,2,0.0,0.0,0,0.11270434810286023,0.5712562814070351,21.064181798587096
