,group,selectUtilLoss,orderUtilLoss,maxRankDrop,ndcgLoss,kendallTau,expGain
1,0,0.19444440893848491,0.1944444108350325,72,0.051327751583502335,0.5748743718592965,-6.554838838549552
0,1,0.19444437144521654,0.19444405251587826,63,0.051327751583502335,0.5748743718592965,-4.546984144609267
2,2,0.0,0.0,0,0.051327751583502335,0.5748743718592965,11.101822983158812
