,group,selectUtilLoss,orderUtilLoss,maxRankDrop,ndcgLoss,kendallTau,expGain
1,0,0.13888931361748247,0.13888935262156277,18,0.009635165550193725,0.8651256281407035,-1.1749815349468342
0,1,0.1388893261785057,0.13888929912460846,14,0.009635165550193725,0.8651256281407035,-1.2940475910377192
2,2,0.0,0.0,0,0.009635165550193725,0.8651256281407035,2.4690291259845467
