,group,selectUtilLoss,orderUtilLoss,maxRankDrop,ndcgLoss,expGain
0,0,0.2222222222222221,0.2207602339181285,162,0.09695862446437042,0.46192797339638636
1,2,0.0,0.0,0,0.09695862446437042,0.9557050830305448
2,1,0.2222222222222221,0.2222222222222221,21,0.09695862446437042,-0.03626354664480835
