,group,selectUtilLoss,orderUtilLoss,maxRankDrop,ndcgLoss,expGain
0,1,0.20102307200906921,0.20102307531562957,89,0.07095857419739215,-6.299541529629341
1,0,0.20102305435522982,0.19444759412508228,89,0.07095857419739215,-8.213632737487657
2,2,0.0,0.0,0,0.07095857419739215,14.513174267117002
