,group,selectUtilLoss,orderUtilLoss,maxRankDrop,ndcgLoss,expGain
0,0,0.06213825511805182,0.0,0,0.004460451926646014,-10.677803991022525
1,1,0.06213761664034245,0.0,0,0.004460451926646014,-4.418133029954664
2,2,0.0,0.0,0,0.004460451926646014,15.095937020977193
