,group,selectUtilLoss,orderUtilLoss,maxRankDrop,ndcgLoss,expGain
0,0,0.06213825511805182,0.0,0,0.004460451926646014,-10.339611380534897
1,1,0.06213761664034245,0.0,0,0.004460451926646014,7.26884098657597
2,2,0.0,0.0,0,0.004460451926646014,3.070770393958938
