,group,selectUtilLoss,orderUtilLoss,maxRankDrop,ndcgLoss,expGain
0,0,0.1388894692883591,0.13888947564424026,17,0.010415995508819997,0.009801379073853589
1,1,0.1388894135044051,0.13888947561210707,17,0.010415995508819997,0.009289825340282887
2,2,0.0,0.0,0,0.010415995508819997,0.8974133647689806
