,group,selectUtilLoss,orderUtilLoss,maxRankDrop,ndcgLoss,expGain
0,1,0.11111296102003754,0.0,0,0.004756495055921683,3.342170366751038
1,0,0.11111287197335995,0.0,0,0.004756495055921683,-12.75414055107092
2,2,0.0,0.0,0,0.004756495055921683,9.411970184319888
