,group,selectUtilLoss,orderUtilLoss,maxRankDrop,ndcgLoss,expGain
0,1,0.11111296102003754,0.0,0,0.004756495055921683,-11.371733296165672
1,2,0.0,0.0,0,0.004756495055921683,25.20179572152286
2,0,0.11111287197335995,0.0,0,0.004756495055921683,-13.830062425357184
