,group,selectUtilLoss,orderUtilLoss,maxRankDrop,ndcgLoss,kendallTau,expGain
1,0,0.16666762598551577,0.16666762682547653,61,0.03648423619891039,0.6089447236180904,-5.4417059913411645
0,1,0.16666747509974633,0.16666749354310373,44,0.03648423619891039,0.6089447236180904,-2.951334173343639
2,2,0.0,0.0,0,0.03648423619891039,0.6089447236180904,8.393040164684802
