,group,selectUtilLoss,orderUtilLoss,maxRankDrop,ndcgLoss,kendallTauLoss,expGain
1,0,0.2010248852976385,0.20102449244617404,147,0.07700067932687094,0.5546733668341709,-15.373860916908253
0,1,0.20102387040148972,0.20102387140840494,11,0.07700067932687094,0.5546733668341709,-0.27774437903802607
2,2,0.0,0.0,0,0.07700067932687094,0.5546733668341709,15.651605295946268
