,group,selectUtilLoss,orderUtilLoss,maxRankDrop,ndcgLoss,expGain
1,0,0.13888919982815173,0.13888920016996176,17,0.009635133652263761,-1.781600782976282
0,1,0.13888919353397977,0.13888919602718908,15,0.009635133652263761,-0.6874283430082606
2,2,0.0,0.0,0,0.009635133652263761,2.4690291259845467
