,group,selectUtilLoss,orderUtilLoss,maxRankDrop,ndcgLoss,expGain
0,1,0.15204678362573087,0.0,0,0.049781481895179835,0.06631726938015059
1,0,0.15204678362573087,0.0,0,0.049781481895179835,0.06707537963543198
2,2,0.0,0.0,0,0.049781481895179835,0.9442363707040933
