,group,selectUtilLoss,orderUtilLoss,maxRankDrop,ndcgLoss,expGain
0,0,0.1944444444444443,0.1944444444444443,124,0.05368185869942754,0.1946296112005117
1,1,0.1944444444444443,0.1944444444444443,-17,0.05368185869942754,-0.03405221492446353
2,2,0.0,0.0,0,0.05368185869942754,0.9365890135536774
