,group,selectUtilLoss,orderUtilLoss,maxRankDrop,ndcgLoss,expGain
0,0,0.1520504053192504,0.0,0,0.04938197456615612,0.16809085458043915
1,1,0.15204976684154103,0.0,0,0.04938197456615612,0.00049552996178992
2,2,0.0,0.0,0,0.04938197456615612,0.9433522269533156
