,group,selectUtilLoss,orderUtilLoss,maxRankDrop,ndcgLoss,expGain
0,0,0.11111287197335995,0.0,0,0.004756515898325264,-14.403101331616382
1,1,0.11111296102003754,0.0,0,0.004756515898325264,-1.2485039643298883
2,2,0.0,0.0,0,0.004756515898325264,15.651605295946268
