,group,selectUtilLoss,orderUtilLoss,maxRankDrop,ndcgLoss,expGain
0,1,0.16666666666666652,0.16666666666666652,-71,0.039392221452885345,0.043315074468361914
1,2,0.0,0.0,0,0.039392221452885345,0.9392588767816286
2,0,0.16666666666666652,0.16666666666666652,128,0.039392221452885345,-0.09290770015640748
