,group,selectUtilLoss,orderUtilLoss,maxRankDrop,ndcgLoss,expGain
0,0,0.1388892004176403,0.13888925865099488,12,0.008218346407133592,-1.0875207126067394
1,1,0.13888918865630073,0.13888927467944367,14,0.008218346407133592,-1.036196901927397
2,2,0.0,0.0,0,0.008218346407133592,2.1237176145341365
