,group,selectUtilLoss,orderUtilLoss,maxRankDrop,ndcgLoss,expGain
0,1,0.11111296102003754,0.11111332047182576,139,0.004756495055921683,-4.673246626458484
1,0,0.11111287197335995,0.0,0,0.004756495055921683,-6.012666734996932
2,2,0.0,0.0,0,0.004756495055921683,10.68591336145542
