,group,selectUtilLoss,orderUtilLoss,maxRankDrop,ndcgLoss,expGain
0,1,0.13889339364988906,0.1388937531016773,184,0.036525533312363634,8.381387239430541
1,0,0.13889330460321148,0.0,0,0.036525533312363634,-inf
2,2,0.0,0.0,0,0.036525533312363634,inf
