,group,selectUtilLoss,orderUtilLoss,maxRankDrop,ndcgLoss,expGain
0,0,0.06213825511805182,0.0,0,0.004460451926646014,0.06173158997996686
1,1,0.06213761664034245,0.0,0,0.004460451926646014,0.0196269902082733
2,2,0.0,0.0,0,0.004460451926646014,0.9161407776605575
