,group,selectUtilLoss,orderUtilLoss,maxRankDrop,ndcgLoss,expGain
0,0,0.13889330460321148,0.0,0,0.03740428496485637,-3.4817823654679216
1,1,0.13889339364988906,0.0,0,0.03740428496485637,-1.9097462992496315
2,2,0.0,0.0,0,0.03740428496485637,5.391528664717557
