,group,selectUtilLoss,orderUtilLoss,maxRankDrop,ndcgLoss,expGain
0,0,0.13888987050110346,0.13888991272793993,73,0.011961387433647275,0.03642158010416363
1,1,0.13888924886038356,0.13888927685402053,-30,0.011961387433647275,0.002324585621298114
2,2,0.0,0.0,0,0.011961387433647275,0.9179301254197832
