,group,selectUtilLoss,orderUtilLoss,maxRankDrop,ndcgLoss,kendallTau,expGain
1,0,0.13889404746839284,0.0,0,0.03683257173735932,-0.23658291457286432,-20.561182001485065
0,1,0.1388932740948,0.13889439787991165,161,0.03683257173735932,-0.23658291457286432,11.199600959644178
2,2,0.0,0.0,0,0.03683257173735932,-0.23658291457286432,9.361581041840884
