,group,selectUtilLoss,orderUtilLoss,maxRankDrop,ndcgLoss,expGain
0,1,0.17324561403508765,0.17324561403508765,-113,0.04135247495254046,0.004088279249258253
1,0,0.17324561403508765,0.14546783625730986,109,0.04135247495254046,0.22066417756510592
2,2,0.0,0.0,0,0.04135247495254046,0.9484862844459128
