,group,selectUtilLoss,orderUtilLoss,maxRankDrop,ndcgLoss,expGain
0,0,0.06213825511805182,0.0,0,0.004460451926646014,-3.908636963891329
1,1,0.06213761664034245,0.0,0,0.004460451926646014,-1.7160009103933724
2,2,0.0,0.0,0,0.004460451926646014,5.624637874284706
