,group,selectUtilLoss,orderUtilLoss,maxRankDrop,ndcgLoss,expGain
0,1,0.13889339364988906,0.0,0,0.03740426480616288,0.20805284774072774
1,0,0.13889330460321148,0.0,0,0.03740426480616288,-12.756514575603363
2,2,0.0,0.0,0,0.03740426480616288,12.548461727862634
