,group,selectUtilLoss,orderUtilLoss,maxRankDrop,ndcgLoss,expGain
0,1,0.16666632023475214,0.1666654551943103,45,0.032703069840902765,-3.478070284183673
1,0,0.1666663404040185,0.1666654932597177,49,0.032703069840902765,-4.114276764891262
2,2,0.0,0.0,0,0.032703069840902765,inf
