,group,selectUtilLoss,orderUtilLoss,maxRankDrop,ndcgLoss,expGain
0,1,0.0,0.0,153,1.4329275515034823e-06,17.742968281271427
1,0,5.385046690564721e-06,0.0,0,1.4329275515034823e-06,-inf
2,2,0.0,0.0,0,1.4329275515034823e-06,-inf
