,group,selectUtilLoss,orderUtilLoss,maxRankDrop,ndcgLoss,expGain
0,0,0.06213825511805182,0.0,0,0.004460451926646014,-14.37600765258718
1,1,0.06213761664034245,0.0,0,0.004460451926646014,-7.5696549675362315
2,2,0.0,0.0,0,0.004460451926646014,21.94566262012342
