,group,selectUtilLoss,orderUtilLoss,maxRankDrop,ndcgLoss,expGain
0,1,0.15204678362573087,0.0,0,0.049781481895179835,0.004088279249258253
1,0,0.15204678362573087,0.0,0,0.049781481895179835,0.22066417756510592
2,2,0.0,0.0,0,0.049781481895179835,0.9484862844459128
