,group,selectUtilLoss,orderUtilLoss,maxRankDrop,ndcgLoss,expGain
0,1,0.06213450292397649,0.0,0,0.0049867398470546664,-0.009882053974430316
1,0,0.06213450292397649,0.0,0,0.0049867398470546664,0.1244085975416378
2,2,0.0,0.0,0,0.0049867398470546664,0.9283657547720194
