,group,selectUtilLoss,orderUtilLoss,maxRankDrop,ndcgLoss,expGain
0,0,0.06213825511805182,0.0,0,0.004460451926646014,0.010560989671737131
1,1,0.06213761664034245,0.0,0,0.004460451926646014,0.008838240355224736
2,2,0.0,0.0,0,0.004460451926646014,0.8864037783391677
