,group,selectUtilLoss,orderUtilLoss,maxRankDrop,ndcgLoss,expGain
0,0,0.06213450292397649,0.0,0,0.0049867398470546664,0.08614789209512308
1,1,0.06213450292397649,0.0,0,0.0049867398470546664,-0.03181120574963381
2,2,0.0,0.0,0,0.0049867398470546664,0.8957773809091965
