,group,selectUtilLoss,orderUtilLoss,maxRankDrop,ndcgLoss,expGain
0,1,0.2222222222222221,0.2222222222222221,32,0.09285914679782958,0.06631726938015059
1,0,0.2222222222222221,0.2222222222222221,152,0.09285914679782958,0.06707537963543198
2,2,0.0,0.0,0,0.09285914679782958,0.9442363707040933
