,group,selectUtilLoss,orderUtilLoss,maxRankDrop,ndcgLoss,expGain
0,0,0.06213825511805182,0.0,0,0.004460451926646014,0.16151433857289277
1,1,0.06213761664034245,0.0,0,0.004460451926646014,-0.0012006059139336722
2,2,0.0,0.0,0,0.004460451926646014,0.9348050454499406
