,group,selectUtilLoss,orderUtilLoss,maxRankDrop,ndcgLoss,expGain
0,0,0.1520504053192504,0.0,0,0.04938197456615612,-6.929873881250646
1,1,0.15204976684154103,0.0,0,0.04938197456615612,-1.8208438211441553
2,2,0.0,0.0,0,0.04938197456615612,8.750717702394805
