,group,selectUtilLoss,orderUtilLoss,maxRankDrop,ndcgLoss,expGain
0,1,0.15204678362573087,0.0,0,0.049781481895179835,0.043315074468361914
1,2,0.0,0.0,0,0.049781481895179835,0.9392588767816286
2,0,0.15204678362573087,0.0,0,0.049781481895179835,-0.09290770015640748
