,group,selectUtilLoss,orderUtilLoss,maxRankDrop,ndcgLoss,expGain
0,1,0.15204678362573087,0.0,0,0.049781481895179835,0.00041939140943725306
1,0,0.15204678362573087,0.0,0,0.049781481895179835,0.06366458717444634
2,2,0.0,0.0,0,0.049781481895179835,0.9162757317886508
