,group,selectUtilLoss,orderUtilLoss,maxRankDrop,ndcgLoss,expGain
0,0,0.1520504053192504,0.0,0,0.04938197456615612,-14.403101331616382
1,1,0.15204976684154103,0.0,0,0.04938197456615612,-1.2485039643298883
2,2,0.0,0.0,0,0.04938197456615612,15.651605295946268
