,group,selectUtilLoss,orderUtilLoss,maxRankDrop,ndcgLoss,kendallTauLoss,expGain
1,0,0.13889112928861014,0.13889116446242222,31,0.01922401090322734,0.23155778894472367,-2.8130590834750144
0,1,0.13889108974569664,0.13889109011775458,29,0.01922401090322734,0.23155778894472367,-1.8653261328121626
2,2,0.0,0.0,0,0.01922401090322734,0.23155778894472367,4.678385216287167
