,group,selectUtilLoss,orderUtilLoss,maxRankDrop,ndcgLoss,kendallTau,expGain
1,0,0.16666739193903957,0.16666744214824536,50,0.03456124957522866,0.64321608040201,-4.57074576758734
0,1,0.16666741615770397,0.166667437241092,50,0.03456124957522866,0.64321608040201,-3.404991152843767
2,2,0.0,0.0,0,0.03456124957522866,0.64321608040201,7.975736920431098
