,group,selectUtilLoss,orderUtilLoss,maxRankDrop,ndcgLoss,expGain
0,0,0.06213825511805182,0.0,0,0.004460451926646014,0.02587617708962564
1,1,0.06213761664034245,0.0,0,0.004460451926646014,0.010003707866369504
2,2,0.0,0.0,0,0.004460451926646014,0.9108741339345634
