,group,selectUtilLoss,orderUtilLoss,maxRankDrop,ndcgLoss,expGain
0,1,0.11111296102003754,0.11111332047182576,139,0.004756495055921683,9.69360536226052
1,0,0.11111287197335995,0.0,0,0.004756495055921683,-12.785675101946294
2,2,0.0,0.0,0,0.004756495055921683,3.092069739685787
