,group,selectUtilLoss,orderUtilLoss,maxRankDrop,ndcgLoss,expGain
0,0,0.1520504053192504,0.0,0,0.04938197456615612,0.010560989671737131
1,1,0.15204976684154103,0.0,0,0.04938197456615612,0.008838240355224736
2,2,0.0,0.0,0,0.04938197456615612,0.8864037783391677
