,group,selectUtilLoss,orderUtilLoss,maxRankDrop,ndcgLoss,expGain
0,0,0.11111287197335995,0.0,0,0.004756515898325264,-6.929873881250646
1,1,0.11111296102003754,0.0,0,0.004756515898325264,-1.8208438211441553
2,2,0.0,0.0,0,0.004756515898325264,8.750717702394805
