,group,selectUtilLoss,orderUtilLoss,maxRankDrop,ndcgLoss,expGain
0,1,0.15204678362573087,0.0,0,0.049781481895179835,0.08040769868216868
1,0,0.15204678362573087,0.0,0,0.049781481895179835,0.25054660800098816
2,2,0.0,0.0,0,0.049781481895179835,0.958693775848121
