,group,selectUtilLoss,orderUtilLoss,maxRankDrop,ndcgLoss,expGain
0,0,0.11111287197335995,0.0,0,0.004756515898325264,-14.401341490494628
1,1,0.11111296102003754,0.0,0,0.004756515898325264,4.989371306174743
2,2,0.0,0.0,0,0.004756515898325264,9.411970184319888
