,group,selectUtilLoss,orderUtilLoss,maxRankDrop,ndcgLoss,expGain
0,0,0.06213825511805182,0.0,0,0.004460451926646014,-6.983977351104173
1,1,0.06213761664034245,0.0,0,0.004460451926646014,3.9477250568192552
2,2,0.0,0.0,0,0.004460451926646014,3.0362522942849095
