,group,selectUtilLoss,orderUtilLoss,maxRankDrop,ndcgLoss,expGain
0,0,0.13889330460321148,0.0,0,0.03740428496485637,-3.2474167833069494
1,1,0.13889339364988906,0.0,0,0.03740428496485637,-1.915008064504514
2,2,0.0,0.0,0,0.03740428496485637,5.162424847811468
