,group,selectUtilLoss,orderUtilLoss,maxRankDrop,ndcgLoss,expGain
0,0,0.1520504053192504,0.0,0,0.04938197456615612,-4.68234453913484
1,1,0.15204976684154103,0.0,0,0.04938197456615612,-2.9100025099400924
2,2,0.0,0.0,0,0.04938197456615612,7.592347049074941
