,group,selectUtilLoss,orderUtilLoss,maxRankDrop,ndcgLoss,expGain
0,1,0.11111296102003754,0.0,0,0.004756495055921683,-2.0972651504445423
1,0,0.11111287197335995,0.0,0,0.004756495055921683,-2.976000479270935
2,2,0.0,0.0,0,0.004756495055921683,5.073265629715477
