,group,selectUtilLoss,orderUtilLoss,maxRankDrop,ndcgLoss,kendallTauLoss,expGain
1,0,0.13888969397449435,0.13888981838212622,52,0.01126390928593013,0.28341708542713573,-4.413131476820389
0,1,0.1388894017922614,0.13888941902733665,2,0.01126390928593013,0.28341708542713573,1.5480646747808269
2,2,0.0,0.0,0,0.01126390928593013,0.28341708542713573,2.865066802039554
