,group,selectUtilLoss,orderUtilLoss,maxRankDrop,ndcgLoss,expGain
0,0,0.1520504053192504,0.0,0,0.04938197456615612,-10.694114852702672
1,1,0.15204976684154103,0.0,0,0.04938197456615612,-7.387950805876105
2,2,0.0,0.0,0,0.04938197456615612,18.082065658578777
