,group,selectUtilLoss,orderUtilLoss,maxRankDrop,ndcgLoss,expGain
0,0,0.1520504053192504,0.0,0,0.04938197456615612,-10.303232329288528
1,1,0.15204976684154103,0.0,0,0.04938197456615612,4.28153882399538
2,2,0.0,0.0,0,0.04938197456615612,6.021693505293151
