,group,selectUtilLoss,orderUtilLoss,maxRankDrop,ndcgLoss,expGain
0,1,0.11111296102003754,0.11111332047182576,139,0.004756495055921683,-2.5720818253814866
1,0,0.11111287197335995,0.0,0,0.004756495055921683,-6.178635877013306
2,2,0.0,0.0,0,0.004756495055921683,8.750717702394805
