,group,selectUtilLoss,orderUtilLoss,maxRankDrop,ndcgLoss,expGain
0,1,0.06213450292397649,0.0,0,0.0049867398470546664,0.03044669456283655
1,0,0.06213450292397649,0.0,0,0.0049867398470546664,-0.018810751527326697
2,2,0.0,0.0,0,0.0049867398470546664,0.8864037783391677
