,group,selectUtilLoss,orderUtilLoss,maxRankDrop,ndcgLoss,expGain
0,0,0.13888888888888873,0.13888888888888873,8,0.01922393371997655,0.08614789209512308
1,1,0.13888888888888873,0.13888888888888873,0,0.01922393371997655,-0.03181120574963381
2,2,0.0,0.0,0,0.01922393371997655,0.8957773809091965
