,group,selectUtilLoss,orderUtilLoss,maxRankDrop,ndcgLoss,expGain
0,0,0.11111287197335995,0.0,0,0.004756515898325264,-3.4817823654679216
1,1,0.11111296102003754,0.0,0,0.004756515898325264,-1.9097462992496315
2,2,0.0,0.0,0,0.004756515898325264,5.391528664717557
