,group,selectUtilLoss,orderUtilLoss,maxRankDrop,ndcgLoss,expGain
0,0,0.06213825511805182,0.0,0,0.004460451926646014,-10.53353815491139
1,1,0.06213761664034245,0.0,0,0.004460451926646014,-1.4626415830488924
2,2,0.0,0.0,0,0.004460451926646014,11.996179737960283
