,group,selectUtilLoss,orderUtilLoss,maxRankDrop,ndcgLoss,expGain
0,1,0.1454686281298767,0.14546864256549796,0,0.025867974580105035,6.511789995951176
1,0,0.1454698692172588,0.14546983657777035,136,0.025867974580105035,-12.752472775799834
2,2,0.0,0.0,0,0.025867974580105035,inf
