,group,selectUtilLoss,orderUtilLoss,maxRankDrop,ndcgLoss,expGain
0,0,0.06213825511805182,0.0,0,0.004460451926646014,-10.303232329288528
1,1,0.06213761664034245,0.0,0,0.004460451926646014,4.28153882399538
2,2,0.0,0.0,0,0.004460451926646014,6.021693505293151
