,group,selectUtilLoss,orderUtilLoss,maxRankDrop,ndcgLoss,expGain
0,1,0.22222352313250726,0.22222317484347043,122,0.11270427636079583,-9.520776477585294
1,0,0.22222351842992194,0.22222351156392284,130,0.11270427636079583,-11.543405321001796
2,2,0.0,0.0,0,0.11270427636079583,inf
