,group,selectUtilLoss,orderUtilLoss,maxRankDrop,ndcgLoss,expGain
0,0,0.06213825511805182,0.0,0,0.004460451926646014,-4.68234453913484
1,1,0.06213761664034245,0.0,0,0.004460451926646014,-2.9100025099400924
2,2,0.0,0.0,0,0.004460451926646014,7.592347049074941
