,group,selectUtilLoss,orderUtilLoss,maxRankDrop,ndcgLoss,expGain
0,0,0.15204678362573087,0.0,0,0.049781481895179835,0.20225839077128493
1,1,0.15204678362573087,0.0,0,0.049781481895179835,-0.02206379962725502
2,2,0.0,0.0,0,0.049781481895179835,0.9366070933143339
