,group,selectUtilLoss,orderUtilLoss,maxRankDrop,ndcgLoss,expGain
0,0,0.06213825511805182,0.0,0,0.004460451926646014,0.16741193305018842
1,1,0.06213761664034245,0.0,0,0.004460451926646014,0.008162325638558676
2,2,0.0,0.0,0,0.004460451926646014,0.956437073189631
