,group,selectUtilLoss,orderUtilLoss,maxRankDrop,ndcgLoss,expGain
0,1,0.13889339364988906,0.1388937531016773,167,0.03740426480616288,-11.371733296165672
1,2,0.0,0.0,0,0.03740426480616288,25.20179572152286
2,0,0.13889330460321148,0.0,0,0.03740426480616288,-13.830062425357184
