,group,selectUtilLoss,orderUtilLoss,maxRankDrop,ndcgLoss,expGain
0,0,0.11111287197335995,0.0,0,0.004756515898325264,-7.107907181611704
1,1,0.11111296102003754,0.0,0,0.004756515898325264,-4.468719796519814
2,2,0.0,0.0,0,0.004756515898325264,11.576626978131518
