,group,selectUtilLoss,orderUtilLoss,maxRankDrop,ndcgLoss,expGain
0,0,0.15204678362573087,0.0,0,0.049781481895179835,0.46192797339638636
1,2,0.0,0.0,0,0.049781481895179835,0.9557050830305448
2,1,0.15204678362573087,0.0,0,0.049781481895179835,-0.03626354664480835
