,group,selectUtilLoss,orderUtilLoss,maxRankDrop,ndcgLoss,kendallTau,expGain
1,0,0.1388890814054512,0.13888923467363046,14,0.008232591435334835,0.8863316582914572,-1.1073104189635856
0,1,0.13888908059019,0.13888924897386934,14,0.008232591435334835,0.8863316582914572,-1.0233007261845852
2,2,0.0,0.0,0,0.008232591435334835,0.8863316582914572,2.130611145148173
