,group,selectUtilLoss,orderUtilLoss,maxRankDrop,ndcgLoss,expGain
0,1,0.13888919495697805,0.13888925969255494,17,0.010552325172784371,-0.5325215777686978
1,0,0.13888920798446325,0.13888934429841227,23,0.010552325172784371,-2.1641699233003653
2,2,0.0,0.0,0,0.010552325172784371,2.696691501069067
