,group,selectUtilLoss,orderUtilLoss,maxRankDrop,ndcgLoss,expGain
0,1,0.06213450292397649,0.0,0,0.0049867398470546664,0.014212096404053964
1,2,0.0,0.0,0,0.0049867398470546664,0.9348050454499406
2,0,0.06213450292397649,0.0,0,0.0049867398470546664,-0.1164531562794513
