,group,selectUtilLoss,orderUtilLoss,maxRankDrop,ndcgLoss,expGain
0,1,0.1454687731880916,0.14546888739476715,1,0.02496681573436854,2.9234027108895653
1,0,0.1454695413630791,0.14546958459119086,101,0.02496681573436854,-8.945096216182707
2,2,0.0,0.0,0,0.02496681573436854,6.021693505293151
