,group,selectUtilLoss,orderUtilLoss,maxRankDrop,ndcgLoss,expGain
0,1,0.11111296102003754,0.11111332047182576,139,0.004756495055921683,-3.478070284183673
1,0,0.11111287197335995,0.0,0,0.004756495055921683,-4.114276764891262
2,2,0.0,0.0,0,0.004756495055921683,7.592347049074941
