,group,selectUtilLoss,orderUtilLoss,maxRankDrop,ndcgLoss,expGain
0,1,0.16666822194735087,0.16666765458517518,35,0.03826787644628904,-2.5720818253814866
1,0,0.16666841836886326,0.16666786158266478,67,0.03826787644628904,-6.178635877013306
2,2,0.0,0.0,0,0.03826787644628904,inf
