,group,selectUtilLoss,orderUtilLoss,maxRankDrop,ndcgLoss,expGain
0,0,0.13889330460321148,0.0,0,0.03740428496485637,-10.339611380534897
1,1,0.13889339364988906,0.0,0,0.03740428496485637,7.26884098657597
2,2,0.0,0.0,0,0.03740428496485637,3.070770393958938
