,group,selectUtilLoss,orderUtilLoss,maxRankDrop,ndcgLoss,expGain
0,1,0.15204678362573087,0.0,0,0.049781481895179835,0.03814697140902523
1,0,0.15204678362573087,0.0,0,0.049781481895179835,0.012980497191802165
2,2,0.0,0.0,0,0.049781481895179835,0.9085737439513678
