,group,selectUtilLoss,orderUtilLoss,maxRankDrop,ndcgLoss,kendallTauLoss,expGain
1,0,0.13889404746839284,0.0,0,0.03683257173735932,1.2365829145728644,-20.561182001485065
0,1,0.1388932740948,0.13889439787991165,161,0.03683257173735932,1.2365829145728644,11.199600959644178
2,2,0.0,0.0,0,0.03683257173735932,1.2365829145728644,9.361581041840884
