,group,selectUtilLoss,orderUtilLoss,maxRankDrop,ndcgLoss,kendallTau,expGain
1,0,0.14546848569122484,0.1454685717665687,119,0.024966899278817567,0.5268341708542713,-11.343315356507006
0,1,0.14546751948351444,0.14546754030287712,0,0.024966899278817567,0.5268341708542713,5.321621851213854
2,2,0.0,0.0,0,0.024966899278817567,0.5268341708542713,6.021693505293151
