,group,selectUtilLoss,orderUtilLoss,maxRankDrop,ndcgLoss,expGain
0,0,0.06213825511805182,0.0,0,0.004460451926646014,0.04067881513288141
1,1,0.06213761664034245,0.0,0,0.004460451926646014,0.016999169432052708
2,2,0.0,0.0,0,0.004460451926646014,0.93084052416177
