,group,selectUtilLoss,orderUtilLoss,maxRankDrop,ndcgLoss,expGain
0,0,0.13889330460321148,0.0,0,0.03740428496485637,-8.404441893483028
1,1,0.13889339364988906,0.0,0,0.03740428496485637,-6.108732373633973
2,2,0.0,0.0,0,0.03740428496485637,14.513174267117002
