,group,selectUtilLoss,orderUtilLoss,maxRankDrop,ndcgLoss,expGain
0,1,0.194444728946499,0.19444475006078688,68,0.05368203158650575,-4.67531822325115
1,0,0.19444480316190016,0.19444480655016394,72,0.05368203158650575,-6.901308754880365
2,2,0.0,0.0,0,0.05368203158650575,11.576626978131518
