,group,selectUtilLoss,orderUtilLoss,maxRankDrop,ndcgLoss,expGain
0,0,0.1520504053192504,0.0,0,0.04938197456615612,0.06610079906327093
1,1,0.15204976684154103,0.0,0,0.04938197456615612,0.03866661270852134
2,2,0.0,0.0,0,0.04938197456615612,0.9274627103613531
