,group,selectUtilLoss,orderUtilLoss,maxRankDrop,ndcgLoss,expGain
0,0,0.22222220987604535,0.22222209413787086,152,0.0969589806019392,0.1640643217036568
1,1,0.22222154480860523,0.22222145193769804,68,0.0969589806019392,0.020020613953864896
2,2,0.0,0.0,0,0.0969589806019392,0.9557050830305448
