,group,selectUtilLoss,orderUtilLoss,maxRankDrop,ndcgLoss,expGain
0,1,0.15204678362573087,0.0,0,0.049781481895179835,-0.006939420836660881
1,0,0.15204678362573087,0.0,0,0.049781481895179835,0.06338850741943447
2,2,0.0,0.0,0,0.049781481895179835,0.9231066735313775
