,group,selectUtilLoss,orderUtilLoss,maxRankDrop,ndcgLoss,expGain
0,1,0.06213450292397649,0.0,0,0.0049867398470546664,0.004088279249258253
1,0,0.06213450292397649,0.0,0,0.0049867398470546664,0.22066417756510592
2,2,0.0,0.0,0,0.0049867398470546664,0.9484862844459128
