,group,selectUtilLoss,orderUtilLoss,maxRankDrop,ndcgLoss,expGain
0,1,0.06213450292397649,0.0,0,0.0049867398470546664,-0.007176588007934859
1,0,0.06213450292397649,0.0,0,0.0049867398470546664,0.17344686548870447
2,2,0.0,0.0,0,0.0049867398470546664,0.9433522269533156
