,group,selectUtilLoss,orderUtilLoss,maxRankDrop,ndcgLoss,expGain
0,1,0.06213450292397649,0.0,0,0.0049867398470546664,0.008972760114220879
1,0,0.06213450292397649,0.0,0,0.0049867398470546664,0.03165975918576813
2,2,0.0,0.0,0,0.0049867398470546664,0.9348507717191399
