,group,selectUtilLoss,orderUtilLoss,maxRankDrop,ndcgLoss,expGain
0,1,0.11111296102003754,0.0,0,0.004756495055921683,0.11316151276275832
1,0,0.11111287197335995,0.0,0,0.004756495055921683,-2.9782283148023136
2,2,0.0,0.0,0,0.004756495055921683,2.865066802039554
