,group,selectUtilLoss,orderUtilLoss,maxRankDrop,ndcgLoss,expGain
0,0,0.13889330460321148,0.0,0,0.03740428496485637,-10.677803991022525
1,1,0.13889339364988906,0.0,0,0.03740428496485637,-4.418133029954664
2,2,0.0,0.0,0,0.03740428496485637,15.095937020977193
