,group,selectUtilLoss,orderUtilLoss,maxRankDrop,ndcgLoss,expGain
0,1,0.14546783625730986,0.14546783625730986,-87,0.02411251346677612,0.00335636687909191
1,0,0.14546783625730986,0.14546783625730986,123,0.02411251346677612,0.04910515413096195
2,2,0.0,0.0,0,0.02411251346677612,0.9287887319973545
