,group,selectUtilLoss,orderUtilLoss,maxRankDrop,ndcgLoss,expGain
0,0,0.14546774656051797,0.14546689952933267,33,0.021336582238446145,0.029087702138775207
1,1,0.14546771415746074,0.1388917422851751,31,0.021336582238446145,0.009589675801205844
2,2,0.0,0.0,0,0.021336582238446145,0.8985974269330729
