,group,selectUtilLoss,orderUtilLoss,maxRankDrop,ndcgLoss,expGain
0,0,0.19444488143415428,0.19444433963626906,68,0.051327701387102964,-6.737669560658581
1,1,0.19444487080007544,0.1944449057762243,69,0.051327701387102964,-4.364153422500225
2,2,0.0,0.0,0,0.051327701387102964,11.101822983158812
