,group,selectUtilLoss,orderUtilLoss,maxRankDrop,ndcgLoss,expGain
0,0,0.13889052493446474,0.1388905370433463,153,0.012139484107289489,0.16151433857289277
1,1,0.13888889016725514,0.13888895855290329,-98,0.012139484107289489,-0.0012006059139336722
2,2,0.0,0.0,0,0.012139484107289489,0.9348050454499406
