,group,selectUtilLoss,orderUtilLoss,maxRankDrop,ndcgLoss,expGain
0,0,0.11111287197335995,0.0,0,0.004756515898325264,-3.3871839070314316
1,1,0.11111296102003754,0.0,0,0.004756515898325264,0.522117104991878
2,2,0.0,0.0,0,0.004756515898325264,2.865066802039554
