,group,selectUtilLoss,orderUtilLoss,maxRankDrop,ndcgLoss,expGain
0,1,0.13889339364988906,0.0,0,0.03740426480616288,6.511789995951176
1,0,0.13889330460321148,0.0,0,0.03740426480616288,-12.752472775799834
2,2,0.0,0.0,0,0.03740426480616288,6.2406827798486635
