,group,selectUtilLoss,orderUtilLoss,maxRankDrop,ndcgLoss,expGain
0,0,0.15204678362573087,0.0,0,0.049781481895179835,0.08614789209512308
1,1,0.15204678362573087,0.0,0,0.049781481895179835,-0.03181120574963381
2,2,0.0,0.0,0,0.049781481895179835,0.8957773809091965
