,group,selectUtilLoss,orderUtilLoss,maxRankDrop,ndcgLoss,expGain
0,0,0.1520504053192504,0.0,0,0.04938197456615612,-14.420002147125931
1,1,0.15204976684154103,0.0,0,0.04938197456615612,-4.380825634281038
2,2,0.0,0.0,0,0.04938197456615612,18.80082778140697
