,group,selectUtilLoss,orderUtilLoss,maxRankDrop,ndcgLoss,expGain
0,0,0.11111287197335995,0.0,0,0.004756515898325264,-10.16740848285069
1,1,0.11111296102003754,0.0,0,0.004756515898325264,-7.279394310163599
2,2,0.0,0.0,0,0.004756515898325264,17.44680279301429
