,group,selectUtilLoss,orderUtilLoss,maxRankDrop,ndcgLoss,expGain
0,0,0.1520504053192504,0.0,0,0.04938197456615612,0.026940391606392167
1,1,0.15204976684154103,0.0,0,0.04938197456615612,0.00833047362229733
2,2,0.0,0.0,0,0.04938197456615612,0.8957773809091965
