,group,selectUtilLoss,orderUtilLoss,maxRankDrop,ndcgLoss,expGain
0,0,0.11111287197335995,0.0,0,0.004756515898325264,-1.4008643664873865
1,1,0.11111296102003754,0.0,0,0.004756515898325264,-1.068164759497158
2,2,0.0,0.0,0,0.004756515898325264,2.4690291259845467
