,group,selectUtilLoss,orderUtilLoss,maxRankDrop,ndcgLoss,expGain
0,0,0.13889145569407912,0.1388914740730569,30,0.019223976511080654,0.026940391606392167
1,1,0.13889142224952333,0.13889146490238968,30,0.019223976511080654,0.00833047362229733
2,2,0.0,0.0,0,0.019223976511080654,0.8957773809091965
