,group,selectUtilLoss,orderUtilLoss,maxRankDrop,ndcgLoss,expGain
0,0,0.19444512820681836,0.1944451406014377,73,0.05368202002915867,-7.107907181611704
1,1,0.19444511032205192,0.19444511772661555,70,0.05368202002915867,-4.468719796519814
2,2,0.0,0.0,0,0.05368202002915867,11.576626978131518
