,group,selectUtilLoss,orderUtilLoss,maxRankDrop,ndcgLoss,kendallTauLoss,expGain
1,0,0.145467589223931,0.14546759939327736,35,0.02230196172733634,0.2814070351758794,-3.4335504184333203
0,1,0.14546752464808854,0.14546760152854155,33,0.02230196172733634,0.2814070351758794,-1.957978246284238
2,2,0.0,0.0,0,0.02230196172733634,0.2814070351758794,5.391528664717557
