,group,selectUtilLoss,orderUtilLoss,maxRankDrop,ndcgLoss,expGain
0,0,0.06213450292397649,0.0,0,0.0049867398470546664,0.04275454659484712
1,1,0.06213450292397649,0.0,0,0.0049867398470546664,-0.01594940900336861
2,2,0.0,0.0,0,0.0049867398470546664,0.8724902591178479
