,group,selectUtilLoss,orderUtilLoss,maxRankDrop,ndcgLoss,kendallTauLoss,expGain
1,0,0.13888976637539274,0.138889778258256,64,0.011961365313701067,0.29356783919597995,-5.625841237998351
0,1,0.13888929494421265,0.13888933765907885,1,0.011961365313701067,0.29356783919597995,2.589588943713437
2,2,0.0,0.0,0,0.011961365313701067,0.29356783919597995,3.0362522942849095
