,group,selectUtilLoss,orderUtilLoss,maxRankDrop,ndcgLoss,expGain
0,0,0.06213450292397649,0.0,0,0.0049867398470546664,0.15559606900664802
1,1,0.06213450292397649,0.0,0,0.0049867398470546664,0.07252985053265948
2,2,0.0,0.0,0,0.0049867398470546664,0.9452789629630918
