,group,selectUtilLoss,orderUtilLoss,maxRankDrop,ndcgLoss,expGain
0,1,0.06213450292397649,0.0,0,0.0049867398470546664,0.00041939140943725306
1,0,0.06213450292397649,0.0,0,0.0049867398470546664,0.06366458717444634
2,2,0.0,0.0,0,0.0049867398470546664,0.9162757317886508
