,group,selectUtilLoss,orderUtilLoss,maxRankDrop,ndcgLoss,expGain
0,0,0.13889330460321148,0.0,0,0.03740428496485637,-14.801117742375824
1,1,0.13889339364988906,0.0,0,0.03740428496485637,-10.400677979147034
2,2,0.0,0.0,0,0.03740428496485637,25.20179572152286
