,group,selectUtilLoss,orderUtilLoss,maxRankDrop,ndcgLoss,expGain
0,0,0.13889330460321148,0.0,0,0.03740428496485637,-5.2594161393033705
1,1,0.13889339364988906,0.0,0,0.03740428496485637,-3.095758092805676
2,2,0.0,0.0,0,0.03740428496485637,8.355174232109048
