,group,selectUtilLoss,orderUtilLoss,maxRankDrop,ndcgLoss,expGain
0,1,0.11111296102003754,0.11111332047182576,139,0.004756495055921683,2.589588943713437
1,0,0.11111287197335995,0.0,0,0.004756495055921683,-5.625841237998351
2,2,0.0,0.0,0,0.004756495055921683,3.0362522942849095
