,group,selectUtilLoss,orderUtilLoss,maxRankDrop,ndcgLoss,expGain
0,0,0.13889330460321148,0.0,0,0.03740428496485637,-10.293532721121677
1,1,0.13889339364988906,0.0,0,0.03740428496485637,1.30015923578134
2,2,0.0,0.0,0,0.03740428496485637,8.993373485340337
