,group,selectUtilLoss,orderUtilLoss,maxRankDrop,ndcgLoss,expGain
0,0,0.15204678362573087,0.0,0,0.049781481895179835,0.14829579442962926
1,1,0.15204678362573087,0.0,0,0.049781481895179835,-0.028803585667167675
2,2,0.0,0.0,0,0.049781481895179835,0.9242098135234107
