,group,selectUtilLoss,orderUtilLoss,maxRankDrop,ndcgLoss,expGain
0,0,0.11111287197335995,0.0,0,0.004756515898325264,-10.53353815491139
1,1,0.11111296102003754,0.0,0,0.004756515898325264,-1.4626415830488924
2,2,0.0,0.0,0,0.004756515898325264,11.996179737960283
