,group,selectUtilLoss,orderUtilLoss,maxRankDrop,ndcgLoss,kendallTauLoss,expGain
1,0,0.13889330460321148,0.0,0,0.03740426480616288,1.2174874371859297,-17.74296828127142
0,1,0.13889339364988906,0.1388937531016773,184,0.03740426480616288,1.2174874371859297,8.381387239430541
2,2,0.0,0.0,0,0.03740426480616288,1.2174874371859297,9.361581041840884
