,group,selectUtilLoss,orderUtilLoss,maxRankDrop,ndcgLoss,expGain
0,0,0.15204678362573087,0.0,0,0.049781481895179835,0.5797791566492352
1,2,0.0,0.0,0,0.049781481895179835,0.9549928833900777
2,1,0.15204678362573087,0.0,0,0.049781481895179835,-0.04288772269376728
