,group,selectUtilLoss,orderUtilLoss,maxRankDrop,ndcgLoss,kendallTauLoss,expGain
1,0,0.20102397159216845,0.20102334832589075,104,0.07425370079535798,0.4846231155778895,-9.445113739966873
0,1,0.20102380775981954,0.20102318413911513,79,0.07425370079535798,0.4846231155778895,-5.650823281010313
2,2,0.0,0.0,0,0.07425370079535798,0.4846231155778895,15.095937020977193
