,group,selectUtilLoss,orderUtilLoss,maxRankDrop,ndcgLoss,expGain
0,0,0.06213825511805182,0.0,0,0.004460451926646014,-1.0875207126067394
1,1,0.06213761664034245,0.0,0,0.004460451926646014,-1.036196901927397
2,2,0.0,0.0,0,0.004460451926646014,2.1237176145341365
