,group,selectUtilLoss,orderUtilLoss,maxRankDrop,ndcgLoss,expGain
0,0,0.1520504053192504,0.0,0,0.04938197456615612,0.1069090046254868
1,1,0.15204976684154103,0.0,0,0.04938197456615612,0.08060932388052011
2,2,0.0,0.0,0,0.04938197456615612,0.9452789629630918
