,group,selectUtilLoss,orderUtilLoss,maxRankDrop,ndcgLoss,expGain
0,0,0.1520504053192504,0.0,0,0.04938197456615612,0.03642158010416363
1,1,0.15204976684154103,0.0,0,0.04938197456615612,0.002324585621298114
2,2,0.0,0.0,0,0.04938197456615612,0.9179301254197832
