,group,selectUtilLoss,orderUtilLoss,maxRankDrop,ndcgLoss,expGain
0,0,0.13889330460321148,0.0,0,0.03740428496485637,-10.303232329288528
1,1,0.13889339364988906,0.0,0,0.03740428496485637,4.28153882399538
2,2,0.0,0.0,0,0.03740428496485637,6.021693505293151
