,group,selectUtilLoss,orderUtilLoss,maxRankDrop,ndcgLoss,expGain
0,0,0.06213825511805182,0.0,0,0.004460451926646014,-1.59389404163662
1,1,0.06213761664034245,0.0,0,0.004460451926646014,-1.0620326665644182
2,2,0.0,0.0,0,0.004460451926646014,2.6559267082010374
