,group,selectUtilLoss,orderUtilLoss,maxRankDrop,ndcgLoss,expGain
0,0,0.06213450292397649,0.0,0,0.0049867398470546664,0.14829579442962926
1,1,0.06213450292397649,0.0,0,0.0049867398470546664,-0.028803585667167675
2,2,0.0,0.0,0,0.0049867398470546664,0.9242098135234107
