,group,selectUtilLoss,orderUtilLoss,maxRankDrop,ndcgLoss,expGain
0,0,0.1520504053192504,0.0,0,0.04938197456615612,0.07359911534567165
1,1,0.15204976684154103,0.0,0,0.04938197456615612,0.061872793362864
2,2,0.0,0.0,0,0.04938197456615612,0.9442363707040933
