,group,selectUtilLoss,orderUtilLoss,maxRankDrop,ndcgLoss,kendallTauLoss,expGain
1,0,0.19444512687070237,0.1944451392987071,117,0.05591545513892082,0.5404020100502513,-11.186768374895326
0,1,0.1944445309780981,0.19444440063376767,16,0.05591545513892082,0.5404020100502513,-0.8171530877020583
2,2,0.0,0.0,0,0.05591545513892082,0.5404020100502513,12.003921462597377
