,group,selectUtilLoss,orderUtilLoss,maxRankDrop,ndcgLoss,expGain
0,0,0.22222111363781094,0.22222071137240695,110,0.09285946889301055,-10.694114852702672
1,1,0.22222108586126255,0.22222068957726293,106,0.09285946889301055,-7.387950805876105
2,2,0.0,0.0,0,0.09285946889301055,18.082065658578777
