,group,selectUtilLoss,orderUtilLoss,maxRankDrop,ndcgLoss,expGain
0,0,0.14546793636022826,0.14546777544408562,35,0.022301925518438348,-3.4817823654679216
1,1,0.1454679007643862,0.14546775862367478,33,0.022301925518438348,-1.9097462992496315
2,2,0.0,0.0,0,0.022301925518438348,5.391528664717557
