,group,selectUtilLoss,orderUtilLoss,maxRankDrop,ndcgLoss,expGain
0,0,0.1944444444444443,0.1944444444444443,111,0.05132755018232138,0.14829579442962926
1,1,0.1944444444444443,0.1944444444444443,0,0.05132755018232138,-0.028803585667167675
2,2,0.0,0.0,0,0.05132755018232138,0.9242098135234107
