,group,selectUtilLoss,orderUtilLoss,maxRankDrop,ndcgLoss,expGain
0,1,0.15204678362573087,0.0,0,0.049781481895179835,-0.0065935707510299535
1,0,0.15204678362573087,0.0,0,0.049781481895179835,0.03321973407561263
2,2,0.0,0.0,0,0.049781481895179835,0.9111874157692764
