,group,selectUtilLoss,orderUtilLoss,maxRankDrop,ndcgLoss,expGain
0,1,0.06213450292397649,0.0,0,0.0049867398470546664,0.01245768982844675
1,0,0.06213450292397649,0.0,0,0.0049867398470546664,0.17042329018947378
2,2,0.0,0.0,0,0.0049867398470546664,0.9484234124222485
