,group,selectUtilLoss,orderUtilLoss,maxRankDrop,ndcgLoss,expGain
0,1,0.1944444444444443,0.1944444444444443,-59,0.05906407614444975,0.01245768982844675
1,0,0.1944444444444443,0.1944444444444443,149,0.05906407614444975,0.17042329018947378
2,2,0.0,0.0,0,0.05906407614444975,0.9484234124222485
