,group,selectUtilLoss,orderUtilLoss,maxRankDrop,ndcgLoss,expGain
0,0,0.14546808176313408,0.1454681094563769,40,0.023243551346489144,0.02188473030802185
1,1,0.1454680286546337,0.14546804488232523,26,0.023243551346489144,0.011731910919816735
2,2,0.0,0.0,0,0.023243551346489144,0.9231066735313775
