,group,selectUtilLoss,orderUtilLoss,maxRankDrop,ndcgLoss,expGain
0,1,0.13888906201993523,0.1388891157011073,0,0.01207013974095128,5.910704873470149
1,0,0.13889000758827996,0.1388900547456957,102,0.01207013974095128,-8.981475267429078
2,2,0.0,0.0,0,0.01207013974095128,3.070770393958938
