,group,selectUtilLoss,orderUtilLoss,maxRankDrop,ndcgLoss,expGain
0,0,0.06213825511805182,0.0,0,0.004460451926646014,0.044938840469205266
1,1,0.06213761664034245,0.0,0,0.004460451926646014,0.00891840184515491
2,2,0.0,0.0,0,0.004460451926646014,0.9162757317886508
