,group,selectUtilLoss,orderUtilLoss,maxRankDrop,ndcgLoss,expGain
0,0,0.13888962189249077,0.13888965077605842,35,0.011263862567999494,-3.3871839070314316
1,1,0.1388893870671296,0.1388894302930045,3,0.011263862567999494,0.522117104991878
2,2,0.0,0.0,0,0.011263862567999494,2.865066802039554
