,group,selectUtilLoss,orderUtilLoss,maxRankDrop,ndcgLoss,expGain
0,0,0.1666686563453721,0.1666686386468612,107,0.039392395576174466,-10.293532721121677
1,1,0.16666799894492224,0.16666801000481368,-22,0.039392395576174466,1.30015923578134
2,2,0.0,0.0,0,0.039392395576174466,8.993373485340337
