,group,selectUtilLoss,orderUtilLoss,maxRankDrop,ndcgLoss,expGain
0,0,0.13889330460321148,0.0,0,0.03740428496485637,-14.401341490494628
1,1,0.13889339364988906,0.0,0,0.03740428496485637,4.989371306174743
2,2,0.0,0.0,0,0.03740428496485637,9.411970184319888
