,group,selectUtilLoss,orderUtilLoss,maxRankDrop,ndcgLoss,expGain
0,0,0.13889007684819432,0.1388901062769391,107,0.0120701759669406,-10.339611380534897
1,1,0.13888907185500987,0.13888911353498057,-98,0.0120701759669406,7.26884098657597
2,2,0.0,0.0,0,0.0120701759669406,3.070770393958938
