,group,selectUtilLoss,orderUtilLoss,maxRankDrop,ndcgLoss,kendallTau,expGain
1,0,0.13888954847006418,0.13888960301078934,25,0.01055236068512,0.8112562814070352,-2.0213777193664733
0,1,0.13888948099634224,0.13888950694125024,12,0.01055236068512,0.8112562814070352,-0.6753137817025969
2,2,0.0,0.0,0,0.01055236068512,0.8112562814070352,2.696691501069067
