,group,selectUtilLoss,orderUtilLoss,maxRankDrop,ndcgLoss,expGain
0,1,0.14546783625730986,0.14546783625730986,-23,0.020817465499191168,0.018416286023726247
1,0,0.14546783625730986,0.14546783625730986,78,0.020817465499191168,0.014793158632200543
2,2,0.0,0.0,0,0.020817465499191168,0.9076801557537674
