,group,selectUtilLoss,orderUtilLoss,maxRankDrop,ndcgLoss,expGain
0,0,0.06213825511805182,0.0,0,0.004460451926646014,-14.403715515027072
1,1,0.06213761664034245,0.0,0,0.004460451926646014,1.8552537871644361
2,2,0.0,0.0,0,0.004460451926646014,12.548461727862634
