,group,selectUtilLoss,orderUtilLoss,maxRankDrop,ndcgLoss,expGain
0,0,0.06213825511805182,0.0,0,0.004460451926646014,0.07359911534567165
1,1,0.06213761664034245,0.0,0,0.004460451926646014,0.061872793362864
2,2,0.0,0.0,0,0.004460451926646014,0.9442363707040933
