,group,selectUtilLoss,orderUtilLoss,maxRankDrop,ndcgLoss,expGain
0,0,0.06213825511805182,0.0,0,0.004460451926646014,0.02054682366557481
1,1,0.06213761664034245,0.0,0,0.004460451926646014,0.0008418609089307916
2,2,0.0,0.0,0,0.004460451926646014,0.9142976751629628
