,group,selectUtilLoss,orderUtilLoss,maxRankDrop,ndcgLoss,expGain
0,1,0.15204678362573087,0.0,0,0.049781481895179835,0.008972760114220879
1,0,0.15204678362573087,0.0,0,0.049781481895179835,0.03165975918576813
2,2,0.0,0.0,0,0.049781481895179835,0.9348507717191399
