,group,selectUtilLoss,orderUtilLoss,maxRankDrop,ndcgLoss,expGain
1,0,0.13889029363751693,0.1388903028029712,140,0.012139424836859591,-12.785675101946294
0,1,0.13888890542833,0.1388889691399705,0,0.012139424836859591,9.69360536226052
2,2,0.0,0.0,0,0.012139424836859591,3.092069739685787
