,group,selectUtilLoss,orderUtilLoss,maxRankDrop,ndcgLoss,expGain
0,1,0.13889339364988906,0.0,0,0.03740426480616288,-0.5325215777686978
1,0,0.13889330460321148,0.0,0,0.03740426480616288,-2.1641699233003653
2,2,0.0,0.0,0,0.03740426480616288,2.696691501069067
