,group,selectUtilLoss,orderUtilLoss,maxRankDrop,ndcgLoss,expGain
0,0,0.1944444444444443,0.1944444444444443,105,0.049104174404119405,0.17108678202720795
1,1,0.1944444444444443,0.1944444444444443,9,0.049104174404119405,-0.05888353969595728
2,2,0.0,0.0,0,0.049104174404119405,0.9161407776605575
