,group,selectUtilLoss,orderUtilLoss,maxRankDrop,ndcgLoss,expGain
0,0,0.194445350741829,0.19444536400018697,110,0.0558901709244799,0.07033577670571223
1,1,0.19444494329192474,0.19444495139086182,23,0.0558901709244799,0.01797977637240944
2,2,0.0,0.0,0,0.0558901709244799,0.9439423521171783
