,group,selectUtilLoss,orderUtilLoss,maxRankDrop,ndcgLoss,kendallTau,expGain
1,0,0.13888999498522048,0.13888999819061287,78,0.011961439363253112,0.644321608040201,-7.593383820249258
0,1,0.1388893186198381,0.13888934322591195,0,0.011961439363253112,0.644321608040201,4.557131525964332
2,2,0.0,0.0,0,0.011961439363253112,0.644321608040201,3.0362522942849095
