,group,selectUtilLoss,orderUtilLoss,maxRankDrop,ndcgLoss,expGain
0,0,0.06213825511805182,0.0,0,0.004460451926646014,0.09684781380803198
1,1,0.06213761664034245,0.0,0,0.004460451926646014,-0.003567566912200837
2,2,0.0,0.0,0,0.004460451926646014,0.9392588767816286
