,group,selectUtilLoss,orderUtilLoss,maxRankDrop,ndcgLoss,expGain
0,0,0.06213825511805182,0.0,0,0.004460451926646014,0.07543621238320952
1,1,0.06213761664034245,0.0,0,0.004460451926646014,0.03371767259037228
2,2,0.0,0.0,0,0.004460451926646014,0.9425352818372512
