,group,selectUtilLoss,orderUtilLoss,maxRankDrop,ndcgLoss,expGain
0,1,0.06213450292397649,0.0,0,0.0049867398470546664,-0.015601412489861355
1,0,0.06213450292397649,0.0,0,0.0049867398470546664,0.0525485627179163
2,2,0.0,0.0,0,0.0049867398470546664,0.8974133647689806
