,group,selectUtilLoss,orderUtilLoss,maxRankDrop,ndcgLoss,expGain
0,0,0.06213450292397649,0.0,0,0.0049867398470546664,0.02163637012376407
1,1,0.06213450292397649,0.0,0,0.0049867398470546664,0.014441709749535736
2,2,0.0,0.0,0,0.0049867398470546664,0.9108741339345634
