,group,selectUtilLoss,orderUtilLoss,maxRankDrop,ndcgLoss,expGain
0,0,0.13889052493446474,0.1388905370433463,153,0.012139484107289489,-14.432876041370001
1,1,0.13888889016725514,0.13888895855290329,-98,0.012139484107289489,11.340806301684225
2,2,0.0,0.0,0,0.012139484107289489,3.092069739685787
