,group,selectUtilLoss,orderUtilLoss,maxRankDrop,ndcgLoss,expGain
0,0,0.06213825511805182,0.0,0,0.004460451926646014,0.07033577670571223
1,1,0.06213761664034245,0.0,0,0.004460451926646014,0.01797977637240944
2,2,0.0,0.0,0,0.004460451926646014,0.9439423521171783
