,group,selectUtilLoss,orderUtilLoss,maxRankDrop,ndcgLoss,expGain
0,1,0.13889339364988906,0.1388937531016773,167,0.03740426480616288,-4.597402740297053
1,0,0.13889330460321148,0.0,0,0.03740426480616288,-6.504420242861757
2,2,0.0,0.0,0,0.03740426480616288,11.101822983158812
