,group,selectUtilLoss,orderUtilLoss,maxRankDrop,ndcgLoss,expGain
0,0,0.22222355128348237,0.22222352259384492,128,0.11270424011112112,0.1069090046254868
1,1,0.22222353549787233,0.22222325798352394,119,0.11270424011112112,0.08060932388052011
2,2,0.0,0.0,0,0.11270424011112112,0.9452789629630918
