,group,selectUtilLoss,orderUtilLoss,maxRankDrop,ndcgLoss,expGain
0,1,0.17324502268007247,0.17324504216123127,2,0.041352751749673344,3.342170366751038
1,0,0.173246105996255,0.16667053630055062,137,0.041352751749673344,-12.75414055107092
2,2,0.0,0.0,0,0.041352751749673344,inf
