,group,selectUtilLoss,orderUtilLoss,maxRankDrop,ndcgLoss,expGain
0,1,0.13889135189542334,0.1388913696843217,30,0.01922397556619526,-1.91193727129758
1,0,0.1388913458214125,0.1388913704059177,30,0.01922397556619526,-2.76644794498959
2,2,0.0,0.0,0,0.01922397556619526,inf
