,group,selectUtilLoss,orderUtilLoss,maxRankDrop,ndcgLoss,expGain
0,0,0.22222417937097927,0.2222237267022843,147,0.1178053725810776,-14.37600765258718
1,1,0.22222371676651842,0.22222358383205698,107,0.1178053725810776,-7.5696549675362315
2,2,0.0,0.0,0,0.1178053725810776,21.94566262012342
