,group,selectUtilLoss,orderUtilLoss,maxRankDrop,ndcgLoss,expGain
0,0,0.1388892004176403,0.13888925865099488,12,0.008218346407133592,0.008170515104604092
1,1,0.13888918865630073,0.13888927467944367,14,0.008218346407133592,0.011192445459635714
2,2,0.0,0.0,0,0.008218346407133592,0.8713529415091048
