,group,selectUtilLoss,orderUtilLoss,maxRankDrop,ndcgLoss,expGain
0,0,0.1520504053192504,0.0,0,0.04938197456615612,-1.9335804018258855
1,1,0.15204976684154103,0.0,0,0.04938197456615612,-0.7631110992431722
2,2,0.0,0.0,0,0.04938197456615612,2.696691501069067
