,group,selectUtilLoss,orderUtilLoss,maxRankDrop,ndcgLoss,expGain
0,0,0.1520504053192504,0.0,0,0.04938197456615612,-10.293532721121677
1,1,0.15204976684154103,0.0,0,0.04938197456615612,1.30015923578134
2,2,0.0,0.0,0,0.04938197456615612,8.993373485340337
