,group,selectUtilLoss,orderUtilLoss,maxRankDrop,ndcgLoss,expGain
0,0,0.1944461281313764,0.19444585835792672,150,0.059064364090279375,0.16729027931381601
1,1,0.19444498533871157,0.19444487658697884,-29,0.059064364090279375,0.00954461121314798
2,2,0.0,0.0,0,0.059064364090279375,0.9484234124222485
