,group,selectUtilLoss,orderUtilLoss,maxRankDrop,ndcgLoss,expGain
0,0,0.14546900483534975,0.1454690180937077,108,0.024966840513517274,-10.303232329288528
1,1,0.14546813473623232,0.14546816225873216,-64,0.024966840513517274,4.28153882399538
2,2,0.0,0.0,0,0.024966840513517274,6.021693505293151
