,group,selectUtilLoss,orderUtilLoss,maxRankDrop,ndcgLoss,expGain
0,1,0.13889339364988906,0.0,0,0.03740426480616288,-5.796648360544985
1,2,0.0,0.0,0,0.03740426480616288,18.80082778140697
2,0,0.13889330460321148,0.0,0,0.03740426480616288,-13.00417942086198
