,group,selectUtilLoss,orderUtilLoss,maxRankDrop,ndcgLoss,expGain
0,0,0.11111287197335995,0.0,0,0.004756515898325264,-14.403715515027072
1,1,0.11111296102003754,0.0,0,0.004756515898325264,1.8552537871644361
2,2,0.0,0.0,0,0.004756515898325264,12.548461727862634
