,group,selectUtilLoss,orderUtilLoss,maxRankDrop,ndcgLoss,expGain
0,0,0.1520504053192504,0.0,0,0.04938197456615612,0.17277848517225625
1,1,0.15204976684154103,0.0,0,0.04938197456615612,0.035110357754565946
2,2,0.0,0.0,0,0.04938197456615612,0.9549928833900777
