,group,selectUtilLoss,orderUtilLoss,maxRankDrop,ndcgLoss,expGain
0,0,0.06213825511805182,0.0,0,0.004460451926646014,-6.474270029728332
1,1,0.06213761664034245,0.0,0,0.004460451926646014,-4.211643331727082
2,2,0.0,0.0,0,0.004460451926646014,10.68591336145542
