,group,selectUtilLoss,orderUtilLoss,maxRankDrop,ndcgLoss,expGain
0,1,0.15204678362573087,0.0,0,0.049781481895179835,0.06159504556295148
1,0,0.15204678362573087,0.0,0,0.049781481895179835,0.02992800325652345
2,2,0.0,0.0,0,0.049781481895179835,0.9366940715973753
