,group,selectUtilLoss,orderUtilLoss,maxRankDrop,ndcgLoss,expGain
0,1,0.13888888888888873,0.13888888888888873,-30,0.010416021152064858,-0.015601412489861355
1,0,0.13888888888888873,0.13888888888888873,22,0.010416021152064858,0.0525485627179163
2,2,0.0,0.0,0,0.010416021152064858,0.8974133647689806
