,group,selectUtilLoss,orderUtilLoss,maxRankDrop,ndcgLoss,expGain
0,0,0.1520504053192504,0.0,0,0.04938197456615612,-14.403715515027072
1,1,0.15204976684154103,0.0,0,0.04938197456615612,1.8552537871644361
2,2,0.0,0.0,0,0.04938197456615612,12.548461727862634
