,group,selectUtilLoss,orderUtilLoss,maxRankDrop,ndcgLoss,expGain
0,0,0.06213825511805182,0.0,0,0.004460451926646014,0.0430358102410322
1,1,0.06213761664034245,0.0,0,0.004460451926646014,0.012458494683381227
2,2,0.0,0.0,0,0.004460451926646014,0.9085737439513678
