,group,selectUtilLoss,orderUtilLoss,maxRankDrop,ndcgLoss,expGain
0,0,0.1520504053192504,0.0,0,0.04938197456615612,0.02054682366557481
1,1,0.15204976684154103,0.0,0,0.04938197456615612,0.0008418609089307916
2,2,0.0,0.0,0,0.04938197456615612,0.9142976751629628
