,group,selectUtilLoss,orderUtilLoss,maxRankDrop,ndcgLoss,expGain
0,0,0.13888947564424026,0.13888953450958708,20,0.010552321992766234,-1.9335804018258855
1,1,0.13888936943241648,0.13888948834598347,15,0.010552321992766234,-0.7631110992431722
2,2,0.0,0.0,0,0.010552321992766234,2.696691501069067
