,group,selectUtilLoss,orderUtilLoss,maxRankDrop,ndcgLoss,expGain
0,1,0.13888888888888873,0.13888888888888873,-41,0.011263878198008892,-0.008382292999711494
1,0,0.13888888888888873,0.13888888888888873,29,0.011263878198008892,0.050000835942264565
2,2,0.0,0.0,0,0.011263878198008892,0.9142976751629628
