,group,selectUtilLoss,orderUtilLoss,maxRankDrop,ndcgLoss,expGain
0,0,0.1520504053192504,0.0,0,0.04938197456615612,-1.0875207126067394
1,1,0.15204976684154103,0.0,0,0.04938197456615612,-1.036196901927397
2,2,0.0,0.0,0,0.04938197456615612,2.1237176145341365
