,group,selectUtilLoss,orderUtilLoss,maxRankDrop,ndcgLoss,expGain
0,0,0.13889330460321148,0.0,0,0.03740428496485637,-10.53353815491139
1,1,0.13889339364988906,0.0,0,0.03740428496485637,-1.4626415830488924
2,2,0.0,0.0,0,0.03740428496485637,11.996179737960283
