,group,selectUtilLoss,orderUtilLoss,maxRankDrop,ndcgLoss,expGain
0,0,0.2222222222222221,0.20102339181286533,112,0.11780496078430869,0.5797791566492352
1,2,0.0,0.0,0,0.11780496078430869,0.9549928833900777
2,1,0.2222222222222221,0.2222222222222221,55,0.11780496078430869,-0.04288772269376728
