,group,selectUtilLoss,orderUtilLoss,maxRankDrop,ndcgLoss,expGain
0,0,0.13888947564424026,0.13888953450958708,20,0.010552321992766234,0.010824055932615817
1,1,0.13888936943241648,0.13888948834598347,15,0.010552321992766234,0.006145418598110686
2,2,0.0,0.0,0,0.010552321992766234,0.9111874157692764
