,group,selectUtilLoss,orderUtilLoss,maxRankDrop,ndcgLoss,kendallTauLoss,expGain
1,0,0.1944442464953008,0.1944442523777664,71,0.05132771416894322,0.4214070351758794,-6.504420242861757
0,1,0.1944441858656919,0.19444410901962017,64,0.05132771416894322,0.4214070351758794,-4.597402740297053
2,2,0.0,0.0,0,0.05132771416894322,0.4214070351758794,11.101822983158812
