,group,selectUtilLoss,orderUtilLoss,maxRankDrop,ndcgLoss,expGain
0,1,0.06213450292397649,0.0,0,0.0049867398470546664,0.048228783052182145
1,2,0.0,0.0,0,0.0049867398470546664,0.956437073189631
2,0,0.06213450292397649,0.0,0,0.0049867398470546664,-0.08157779732652759
