,group,selectUtilLoss,orderUtilLoss,maxRankDrop,ndcgLoss,expGain
0,0,0.1388894692883591,0.13888947564424026,17,0.010415995508819997,-1.59389404163662
1,1,0.1388894135044051,0.13888947561210707,17,0.010415995508819997,-1.0620326665644182
2,2,0.0,0.0,0,0.010415995508819997,2.6559267082010374
