,group,selectUtilLoss,orderUtilLoss,maxRankDrop,ndcgLoss,kendallTau,expGain
1,0,0.22222184599886452,0.2222218816129563,310,0.039586821811797734,0.46731863727454903,-24.515634110243266
0,1,0.22221918147703867,0.22221920130597372,0,0.039586821811797734,0.46731863727454903,8.834124081819269
2,2,0.0,0.0,0,0.039586821811797734,0.46731863727454903,15.68151002842399
