,group,selectUtilLoss,orderUtilLoss,maxRankDrop,ndcgLoss,kendallTauLoss,expGain
1,0,0.11111287197335995,0.11111269541864821,457,0.0023471721561720837,0.9773947895791584,-12.977084708483353
0,1,0.10453323241055323,0.11111332047182576,252,0.0023471721561720837,0.9773947895791584,10.846154954911892
2,2,0.0,0.0,0,0.0023471721561720837,0.9773947895791584,2.1309297535714578
