,group,selectUtilLoss,orderUtilLoss,maxRankDrop,ndcgLoss,expGain
0,0,0.22880151140133298,0.22880135170062765,175,0.05796013540852629,0.017112816044809076
1,1,0.22880133949793224,0.22880133964644078,132,0.05796013540852629,0.018892962171979666
2,2,0.0,0.0,0,0.05796013540852629,0.9604354860111287
