,group,selectUtilLoss_mean,selectUtilLoss_std,orderUtilLoss_mean,orderUtilLoss_std,maxRankDrop_mean,maxRankDrop_std,ndcgLoss_mean,ndcgLoss_std,kendallTau_mean,kendallTau_std,expGain_mean,expGain_std
0,0,0.21552370852513086,0.008948422496903516,0.21467542533220066,0.009266102168305902,323.3997,16.157247462812393,0.03870426391003628,0.004173525514849046,0.47743912625250484,0.029311154325908684,-25.613753976882656,1.387668803028793
1,1,0.21015339478464803,0.009903424646864258,0.2129739921348818,0.009874908837135243,1.3732,1.8790622255488905,0.03870426391003628,0.004173525514849046,0.47743912625250484,0.029311154325908684,10.232252115767757,1.7105659869971535
2,2,0.0,0.0,0.0,0.0,0.0,0.0,0.03870426391003628,0.004173525514849046,0.47743912625250484,0.029311154325908684,15.38150186111487,1.4237925311930975
