,group,selectUtilLoss,orderUtilLoss,maxRankDrop,ndcgLoss,expGain
0,1,0.04239955874575485,0.04897774788110032,249,0.0013003971975146245,24.224226684639074
1,0,0.055557387443907036,0.055557210889195296,489,0.0013003971975146245,-24.347316919461665
2,2,0.0,0.0,0,0.0013003971975146245,inf
