,group,selectUtilLoss,orderUtilLoss,maxRankDrop,ndcgLoss,expGain
0,0,0.1944494980456477,0.0,0,0.038319153977358855,-12.061788404558374
1,1,0.17471170959111537,0.0,0,0.038319153977358855,-8.809909866757959
2,2,0.0,0.0,0,0.038319153977358855,20.87169827131631
