,group,selectUtilLoss,orderUtilLoss,maxRankDrop,ndcgLoss,expGain
0,0,0.06213825511805182,0.0,0,0.0033498463712547943,-12.061788404558374
1,1,0.048978532002156294,0.0,0,0.0033498463712547943,-8.809909866757959
2,2,0.0,0.0,0,0.0033498463712547943,20.87169827131631
