,group,selectUtilLoss,orderUtilLoss,maxRankDrop,ndcgLoss,kendallTau,expGain
1,0.0,0.00010950281814295568,0.00010752928003394011,0.1578,1.932897227829925e-05,0.00023459238476953903,-0.012529872261616152
0,0.0005,0.00010752884147255524,0.00010752894078705033,0.0006,1.932897227829925e-05,0.00023459238476953903,0.004907743542151921
2,0.001,0.0,0.0,0.0,1.932897227829925e-05,0.00023459238476953903,0.0076221287194642206
