,group,selectUtilLoss,orderUtilLoss,maxRankDrop,ndcgLoss,expGain
0,1,0.1944444444444443,0.0,0,0.04651203123982428,0.005335925804011876
1,0,0.20760233918128634,0.0,0,0.04651203123982428,0.05767816429482431
2,2,0.0,0.0,0,0.04651203123982428,0.9604354860111287
