,group,selectUtilLoss,orderUtilLoss,maxRankDrop,ndcgLoss,expGain
0,0,0.20760701064617082,0.0,0,0.04675414266473121,-12.061788404558374
1,1,0.1944472875302753,0.0,0,0.04675414266473121,-8.809909866757959
2,2,0.0,0.0,0,0.04675414266473121,20.87169827131631
