,group,selectUtilLoss,orderUtilLoss,maxRankDrop,ndcgLoss,expGain
0,1,0.10453323241055323,0.11111332047182576,139,0.0023471721561720837,-7.101961991466048
1,0,0.11111287197335995,0.11111269541864821,348,0.0023471721561720837,-13.769736279850282
2,2,0.0,0.0,0,0.0023471721561720837,20.87169827131631
