,group,selectUtilLoss,orderUtilLoss,maxRankDrop,ndcgLoss,kendallTau,expGain
1,0.0,0.3792966899042867,0.3792968212381269,1118.688399872,0.06920854614731202,0.5861982200811358,-54.25379490874489
0,1.249999872,0.2984345987163105,0.31058458184634324,119.0224797696,0.06920854614731202,0.5861982200811358,3.0898522335105225
2,2.499999744,0.0,0.0,0.0,0.06920854614731202,0.5861982200811358,51.1639426752343
