,group,selectUtilLoss,orderUtilLoss,maxRankDrop,ndcgLoss,expGain
0,0,0.06213825511805182,0.0,0,0.0033498463712547943,0.042936325492461735
1,1,0.048978532002156294,0.0,0,0.0033498463712547943,0.00936062465958365
2,2,0.0,0.0,0,0.0033498463712547943,0.9617042264622271
