,group,selectUtilLoss,orderUtilLoss,maxRankDrop,ndcgLoss,expGain
0,0,0.11111287197335995,0.0,0,0.002347171947403748,-20.67357397960341
1,1,0.10453323241055323,0.0,0,0.002347171947403748,6.559781321772178
2,2,0.0,0.0,0,0.002347171947403748,14.113792657831222
