,group,selectUtilLoss,orderUtilLoss,maxRankDrop,ndcgLoss,kendallTauLoss,expGain
1,0,0.2288018638248116,0.22880162807855253,182,0.05796016047489061,0.4377234468937877,-13.769736279850282
0,1,0.22880165159534316,0.22880165741403913,127,0.05796016047489061,0.4377234468937877,-7.101961991466048
2,2,0.0,0.0,0,0.05796016047489061,0.4377234468937877,20.87169827131631
