,group,selectUtilLoss,orderUtilLoss,maxRankDrop,ndcgLoss,expGain
0,0,0.20760701064617082,0.0,0,0.04675414266473121,-20.67357397960341
1,1,0.1944472875302753,0.0,0,0.04675414266473121,6.559781321772178
2,2,0.0,0.0,0,0.04675414266473121,14.113792657831222
