,group,selectUtilLoss,orderUtilLoss,maxRankDrop,ndcgLoss,kendallTauLoss,expGain
1,0,0.20760344159181032,0.20760326296579312,287,0.03542863644401639,0.4930981963927856,-22.060656469494067
0,1,0.2076008739096663,0.20760104440790506,0,0.03542863644401639,0.4930981963927856,7.946863811662816
2,2,0.0,0.0,0,0.03542863644401639,0.4930981963927856,14.113792657831222
