,group,selectUtilLoss,orderUtilLoss,maxRankDrop,ndcgLoss,expGain
0,0,0.06213450292397649,0.0,0,0.0034555714021130557,0.06263162238113873
1,1,0.04897660818713445,0.0,0,0.0034555714021130557,0.0026179497512353045
2,2,0.0,0.0,0,0.0034555714021130557,0.9617042264622271
