,group,selectUtilLoss,orderUtilLoss,maxRankDrop,ndcgLoss,expGain
0,1,0.1944444444444443,0.0,0,0.0,0.542606319870063
1,0,0.20760233918128634,0.0,0,0.0,0.4902194716890933
2,2,0.0,0.0,0,0.0,0.5729029030850896
