,group,selectUtilLoss,orderUtilLoss,maxRankDrop,ndcgLoss,expGain
0,0,0.11111287197335995,0.0,0,0.002347171947403748,-12.061788404558374
1,1,0.10453323241055323,0.0,0,0.002347171947403748,-8.809909866757959
2,2,0.0,0.0,0,0.002347171947403748,20.87169827131631
