,group,selectUtilLoss,orderUtilLoss,maxRankDrop,ndcgLoss,expGain
0,0,0.2076039691135919,0.20760280941875464,281,0.03542860942366277,-20.67357397960341
1,1,0.2076014471839659,0.2076004754358266,-121,0.03542860942366277,6.559781321772178
2,2,0.0,0.0,0,0.03542860942366277,14.113792657831222
