,group,selectUtilLoss,orderUtilLoss,maxRankDrop,ndcgLoss,expGain
0,1,0.22880116959064312,0.22880116959064312,-66,0.0,0.542606319870063
1,0,0.22880116959064312,0.22880116959064312,303,0.0,0.4902194716890933
2,2,0.0,0.0,0,0.0,0.5729029030850896
