,group,selectUtilLoss,orderUtilLoss,maxRankDrop,ndcgLoss,kendallTau,expGain
1,0,0.2288021645914422,0.22880217308319106,214,0.058464739515045716,0.5102685370741482,-16.645198584849904
0,1,0.22880164497371103,0.2288013714670435,77,0.058464739515045716,0.5102685370741482,-5.071115526518934
2,2,0.0,0.0,0,0.058464739515045716,0.5102685370741482,21.7163141113688
