,group,selectUtilLoss,orderUtilLoss,maxRankDrop,ndcgLoss,expGain
0,1,0.04897660818713445,0.0,0,0.0,0.542606319870063
1,0,0.06213450292397649,0.0,0,0.0,0.4902194716890933
2,2,0.0,0.0,0,0.0,0.5729029030850896
