,group,selectUtilLoss,orderUtilLoss,maxRankDrop,ndcgLoss,expGain
0,0,0.20760233918128634,0.0,0,0.04651203123982428,0.06263162238113873
1,1,0.1944444444444443,0.0,0,0.04651203123982428,0.0026179497512353045
2,2,0.0,0.0,0,0.04651203123982428,0.9617042264622271
