,group,selectUtilLoss,orderUtilLoss,maxRankDrop,ndcgLoss,expGain
0,1,0.20906861582006897,0.20760528554709057,280,0.05214805462040939,18.107925141359868
1,0,0.22222644451822116,0.0,0,0.05214805462040939,-inf
2,2,0.0,0.0,0,0.05214805462040939,inf
