,group,selectUtilLoss,orderUtilLoss,maxRankDrop,ndcgLoss,expGain
0,1,0.04897660818713445,0.0,0,0.0034555714021130557,0.005335925804011876
1,0,0.06213450292397649,0.0,0,0.0034555714021130557,0.05767816429482431
2,2,0.0,0.0,0,0.0034555714021130557,0.9604354860111287
