,group,selectUtilLoss,orderUtilLoss,maxRankDrop,ndcgLoss,kendallTau,expGain
1,0.0,0.41110186225483314,0.41110235727933864,808.4419993600001,0.09533956385434819,0.5950263108288377,-36.78610888045823
0,1.24999936,0.3861758020365834,0.38991801474722526,471.112398848,0.09533956385434819,0.5950263108288377,-30.956082827507856
2,2.49999872,0.0,0.0,0.0,0.09533956385434819,0.5950263108288377,67.74219170796596
