,group,selectUtilLoss,orderUtilLoss,maxRankDrop,ndcgLoss,expGain
0,0,0.20760701064617082,0.0,0,0.04675414266473121,0.017112816044809076
1,1,0.1944472875302753,0.0,0,0.04675414266473121,0.018892962171979666
2,2,0.0,0.0,0,0.04675414266473121,0.9604354860111287
