,group,selectUtilLoss,orderUtilLoss,maxRankDrop,ndcgLoss,expGain
0,0,0.20760233918128634,0.0,0,0.0,0.4978091033566412
1,1,0.1944444444444443,0.0,0,0.0,0.5384418681350656
2,2,0.0,0.0,0,0.0,0.5748468526527986
