,group,selectUtilLoss,orderUtilLoss,maxRankDrop,ndcgLoss,kendallTauLoss,expGain
1,0,0.1944494980456477,0.19444691037590733,159,0.03831915417859966,0.6407374749498999,-38.4864292762816
0,1,0.17471170959111537,0.18129166934749552,280,0.03831915417859966,0.6407374749498999,22.567969709729415
2,2,0.0,0.0,0,0.03831915417859966,0.6407374749498999,15.91845956655218
