,group,selectUtilLoss,orderUtilLoss,maxRankDrop,ndcgLoss,expGain
0,0,0.20760233918128634,0.20760233918128634,371,0.0359275704933274,0.06263162238113873
1,1,0.20102339181286555,0.20102339181286555,-250,0.0359275704933274,0.0026179497512353045
2,2,0.0,0.0,0,0.0359275704933274,0.9617042264622271
