,group,selectUtilLoss,orderUtilLoss,maxRankDrop,ndcgLoss,expGain
0,1,0.17471170959111537,0.0,0,0.03831915417859966,-7.101961991466048
1,0,0.1944494980456477,0.0,0,0.03831915417859966,-13.769736279850282
2,2,0.0,0.0,0,0.03831915417859966,20.87169827131631
