,group,selectUtilLoss,orderUtilLoss,maxRankDrop,ndcgLoss,expGain
0,0,0.20760701064617082,0.0,0,0.04675414266473121,0.042936325492461735
1,1,0.1944472875302753,0.0,0,0.04675414266473121,0.00936062465958365
2,2,0.0,0.0,0,0.04675414266473121,0.9617042264622271
