,group,selectUtilLoss,orderUtilLoss,maxRankDrop,ndcgLoss,kendallTauLoss,expGain
1,0,0.22880221599198458,0.22880212596047145,182,0.05796018118909285,0.44921843687374763,-13.530401526918862
0,1,0.22880194158377376,0.2288019465850244,116,0.05796018118909285,0.44921843687374763,-7.341296744397482
2,2,0.0,0.0,0,0.05796018118909285,0.44921843687374763,20.87169827131631
