,group,selectUtilLoss,orderUtilLoss,maxRankDrop,ndcgLoss,expGain
1,0,0.11111287197335995,0.11111269541864821,457,0.0023471721561720837,-12.977084708483353
0,1,0.10453323241055323,0.11111332047182576,252,0.0023471721561720837,10.846154954911892
2,2,0.0,0.0,0,0.0023471721561720837,2.1309297535714578
