,group,selectUtilLoss,orderUtilLoss,maxRankDrop,ndcgLoss,expGain
0,0,0.22880151140133298,0.22880135170062765,175,0.05796013540852629,-12.061788404558374
1,1,0.22880133949793224,0.22880133964644078,132,0.05796013540852629,-8.809909866757959
2,2,0.0,0.0,0,0.05796013540852629,20.87169827131631
