,group,selectUtilLoss,orderUtilLoss,maxRankDrop,ndcgLoss,expGain
0,1,0.17471170959111537,0.0,0,0.03831915417859966,6.747799985535639
1,0,0.1944494980456477,0.0,0,0.03831915417859966,-20.86159264336688
2,2,0.0,0.0,0,0.03831915417859966,14.113792657831222
