,group,selectUtilLoss,orderUtilLoss,maxRankDrop,ndcgLoss,expGain
0,0,0.2076039691135919,0.20760280941875464,281,0.03542860942366277,0.042936325492461735
1,1,0.2076014471839659,0.2076004754358266,-121,0.03542860942366277,0.00936062465958365
2,2,0.0,0.0,0,0.03542860942366277,0.9617042264622271
