,group,selectUtilLoss,orderUtilLoss,maxRankDrop,ndcgLoss,kendallTauLoss,expGain
1,0,0.1944487806959181,0.19444497922433657,0,0.03803707597724526,0.6315511022044089,-40.24709941405364
0,1,0.17471147189281633,0.18129014391591514,282,0.03803707597724526,0.6315511022044089,24.32863984750145
2,2,0.0,0.0,0,0.03803707597724526,0.6315511022044089,15.91845956655218
