,group,selectUtilLoss,orderUtilLoss,maxRankDrop,ndcgLoss,expGain
0,0,0.06213825511805182,0.0,0,0.0033498463712547943,0.017112816044809076
1,1,0.048978532002156294,0.0,0,0.0033498463712547943,0.018892962171979666
2,2,0.0,0.0,0,0.0033498463712547943,0.9604354860111287
