,group,selectUtilLoss,orderUtilLoss,maxRankDrop,ndcgLoss,expGain
0,1,0.10453323241055323,0.0,0,0.0023471721561720837,6.747799985535639
1,0,0.11111287197335995,0.0,0,0.0023471721561720837,-20.86159264336688
2,2,0.0,0.0,0,0.0023471721561720837,14.113792657831222
