,group,selectUtilLoss,orderUtilLoss,maxRankDrop,ndcgLoss,kendallTauLoss,expGain
1,0,0.20760304062608437,0.2076030568390631,266,0.0354286109031986,0.4634228456913828,-20.86159264336688
0,1,0.20760030254425843,0.2076007235248285,3,0.0354286109031986,0.4634228456913828,6.747799985535639
2,2,0.0,0.0,0,0.0354286109031986,0.4634228456913828,14.113792657831222
