,group,selectUtilLoss,orderUtilLoss,maxRankDrop,ndcgLoss,expGain
0,0,0.1944494980456477,0.0,0,0.038319153977358855,-20.67357397960341
1,1,0.17471170959111537,0.0,0,0.038319153977358855,6.559781321772178
2,2,0.0,0.0,0,0.038319153977358855,14.113792657831222
