,group,selectUtilLoss,orderUtilLoss,maxRankDrop,ndcgLoss,expGain
0,0,0.06213825511805182,0.0,0,0.0033498463712547943,-20.67357397960341
1,1,0.048978532002156294,0.0,0,0.0033498463712547943,6.559781321772178
2,2,0.0,0.0,0,0.0033498463712547943,14.113792657831222
