,group,selectUtilLoss_mean,selectUtilLoss_std,orderUtilLoss_mean,orderUtilLoss_std,maxRankDrop_mean,maxRankDrop_std,ndcgLoss_mean,ndcgLoss_std,kendallTau_mean,kendallTau_std,expGain_mean,expGain_std
0,0,0.2407454048205648,0.0085088850181114,0.24000904435896458,0.008559284965504852,214.509,17.011239144334034,0.0655363665032287,0.005407909650883194,0.4856459494989979,0.03395852907028663,-16.83211785452468,1.6235981648801616
1,1,0.2407449609439571,0.008508883469675174,0.2400300831271246,0.008547444062084545,103.4018,20.928027976746865,0.0655363665032287,0.005407909650883194,0.4856459494989979,0.03395852907028663,-6.668705740370386,1.6218270995765254
2,2,0.0,0.0,0.0,0.0,0.0,0.0,0.0655363665032287,0.005407909650883194,0.4856459494989979,0.03395852907028663,23.500823594895017,1.63198251358572
