,group,selectUtilLoss,orderUtilLoss,maxRankDrop,ndcgLoss,expGain
0,0,0.06213450292397649,0.0,0,0.0,0.4978091033566412
1,1,0.04897660818713445,0.0,0,0.0,0.5384418681350656
2,2,0.0,0.0,0,0.0,0.5748468526527986
