,group,selectUtilLoss,orderUtilLoss,maxRankDrop,ndcgLoss,expGain
0,1,0.17471170959111537,0.18129166934749552,280,0.03831915417859966,22.567969709729415
1,0,0.1944494980456477,0.19444691037590733,159,0.03831915417859966,-38.4864292762816
2,2,0.0,0.0,0,0.03831915417859966,15.91845956655218
