,group,selectUtilLoss,orderUtilLoss,maxRankDrop,ndcgLoss,expGain
0,1,0.22880116959064312,0.22880116959064312,-66,0.05796028371200923,0.005335925804011876
1,0,0.22880116959064312,0.22880116959064312,303,0.05796028371200923,0.05767816429482431
2,2,0.0,0.0,0,0.05796028371200923,0.9604354860111287
