,group,selectUtilLoss,orderUtilLoss,maxRankDrop,ndcgLoss,kendallTau,expGain
1,0.0,0.2970763174533201,0.2970763497822592,957.0,0.05014063337644239,0.4671929579153682,-46.89657313265323
0,1.0,0.22119943830899377,0.23260097889689818,24.8,0.05014063337644239,0.4671929579153682,9.281068799012093
2,2.0,0.0,0.0,0.0,0.05014063337644239,0.4671929579153682,37.61550433364111
