,group,selectUtilLoss,orderUtilLoss,maxRankDrop,ndcgLoss,expGain
0,1,0.1572709950607436,0.0,0,0.023238196199077743,0.006654321085573178
1,2,0.4654514617865151,0.0,0,0.023238196199077743,-0.01785177380891123
2,0,0.5004398404629506,0.0,0,0.023238196199077743,0.0014561683300843287
3,3,0.0,0.0,0,0.023238196199077743,-0.4797592836065008
4,4,0.1650461903221736,0.0,0,0.023238196199077743,0.06529510942463435
5,5,0.0,0.0,0,0.023238196199077743,-0.06617640110509126
