,group,selectUtilLoss,orderUtilLoss,maxRankDrop,ndcgLoss,expGain
2,0,0.5110423794558097,0.657710835523694,13,0.02665234178735565,0.48862109400610976
0,1,0.1572709950607436,1.4147321196138356,2,0.02665234178735565,0.06446754148037304
1,2,0.4654514617865151,2.0568925646146696,42,0.02665234178735565,-0.7395447603726764
3,3,0.0,2.6149395336054884,59,0.02665234178735565,-0.3967357903080869
4,4,0.1650461903221736,0.26718398262005216,0,0.02665234178735565,0.02258025918743045
5,5,0.0,0.0,0,0.02665234178735565,0.5606116560068486
