,group,selectUtilLoss,orderUtilLoss,maxRankDrop,ndcgLoss,expGain
0,1,0.1572709950607436,0.0,0,0.023238196199077743,0.027866527820521014
1,2,0.4654514617865151,0.0,0,0.023238196199077743,0.23933337892833695
2,0,0.5004398404629506,0.0,0,0.023238196199077743,-1.3192050771213868
3,3,0.0,0.0,0,0.023238196199077743,0.530262937794624
4,4,0.1650461903221736,0.0,0,0.023238196199077743,0.04101578417827734
5,5,0.0,0.0,0,0.023238196199077743,0.48072644839962475
