,group,selectUtilLoss,orderUtilLoss,maxRankDrop,ndcgLoss,expGain
0,1,0.1572709950607436,0.0,0,0.025197963411416002,0.8061653485644419
1,2,0.4654514617865151,0.0,0,0.025197963411416002,1.0967966766082164
2,0,0.5004398404629506,0.0,0,0.025197963411416002,0.5537159172619889
3,3,0.0,0.0,0,0.025197963411416002,1.2073105189063293
4,4,0.1650461903221736,0.0,0,0.025197963411416002,0.8620404580360939
5,5,0.0,0.0,0,0.025197963411416002,0.48281325730395674
