,group,selectUtilLoss,orderUtilLoss,maxRankDrop,ndcgLoss,expGain
0,1,0.19155253780432102,0.0,0,0.007536348838719231,0.027866527820521014
1,2,0.3721491186493546,0.0,0,0.007536348838719231,0.23933337892833695
2,0,0.36154657965649584,0.0,0,0.007536348838719231,-1.3192050771213868
3,3,0.0,0.0,0,0.007536348838719231,0.530262937794624
4,4,0.07174384718501314,0.0,0,0.007536348838719231,0.04101578417827734
5,5,0.0,0.0,0,0.007536348838719231,0.48072644839962475
