,group,selectUtilLoss,orderUtilLoss,maxRankDrop,ndcgLoss,expGain
0,1,0.1572709950607436,0.9125251893187407,1,0.023259953750311757,0.027866527820521014
1,2,0.4654514617865151,2.352349984549011,45,0.023259953750311757,0.23933337892833695
2,0,0.5110423794558097,0.657710835523694,12,0.023259953750311757,-1.3192050771213868
3,3,0.0,2.6149395336054884,59,0.023259953750311757,0.530262937794624
4,4,0.1650461903221736,0.7237999952458511,2,0.023259953750311757,0.04101578417827734
5,5,0.0,0.0,0,0.023259953750311757,0.48072644839962475
