,group,selectUtilLoss,orderUtilLoss,maxRankDrop,ndcgLoss,expGain
2,0,0.36154657965649584,0.34069491963720666,12,0.007531671315815225,0.03800094411878341
0,1,0.19155253780432102,0.3608397437236386,9,0.007531671315815225,0.30113605672282784
1,2,0.3721491186493546,1.2768991127066673,21,0.007531671315815225,-0.5192552729446287
3,3,0.0,1.3401609286973923,23,0.007531671315815225,-0.16246014768968997
4,4,0.07174384718501314,0.6545300738258386,3,0.007531671315815225,-0.02622212651408873
5,5,0.0,0.0,0,0.007531671315815225,0.36880054630679826
