,group,selectUtilLoss,orderUtilLoss,maxRankDrop,ndcgLoss,expGain
0,1,1.142246867497356,1.5090947166502822,-6,0.002139237260398774,0.8061653485644419
1,2,1.0295065362066207,1.2337821208023734,-25,0.002139237260398774,1.0967966766082164
2,0,1.2231795818095141,1.8278777223689129,6,0.002139237260398774,0.5537159172619889
3,3,0.0,0.0,0,0.002139237260398774,1.2073105189063293
4,4,0.8771833926758781,1.1779420821066486,-20,0.002139237260398774,0.8620404580360939
5,5,0.24739257650004617,1.2765456947402383,5,0.002139237260398774,0.48281325730395674
