,group,selectUtilLoss,orderUtilLoss,maxRankDrop,ndcgLoss,kendallTauLoss,expGain
2,0,1.2231795818095141,1.8278777223689129,11,0.012158137400184788,0.18124873711860978,-1.3192050771213868
0,1,1.142246867497356,1.5090947166502822,9,0.012158137400184788,0.18124873711860978,0.027866527820521014
1,2,1.0295065362066207,1.2337821208023734,0,0.012158137400184788,0.18124873711860978,0.23933337892833695
3,3,0.0,0.0,0,0.012158137400184788,0.18124873711860978,0.530262937794624
4,4,0.8771833926758781,1.1779420821066486,0,0.012158137400184788,0.18124873711860978,0.04101578417827734
5,5,0.24739257650004617,1.2765456947402383,5,0.012158137400184788,0.18124873711860978,0.48072644839962475
