,group,selectUtilLoss,orderUtilLoss,maxRankDrop,ndcgLoss,expGain
0,1,1.142246867497356,1.5090947166502822,-6,0.012158137400184788,0.006654321085573178
1,2,1.0295065362066207,1.2337821208023734,-25,0.012158137400184788,-0.01785177380891123
2,0,1.2231795818095141,1.8278777223689129,6,0.012158137400184788,0.0014561683300843287
3,3,0.0,0.0,0,0.012158137400184788,-0.4797592836065008
4,4,0.8771833926758781,1.1779420821066486,-20,0.012158137400184788,0.06529510942463435
5,5,0.24739257650004617,1.2765456947402383,5,0.012158137400184788,-0.06617640110509126
