,group,selectUtilLoss,orderUtilLoss,maxRankDrop,ndcgLoss,expGain
0,1,0.19155253780432102,0.0,0,0.007536348838719231,0.006654321085573178
1,2,0.3721491186493546,0.0,0,0.007536348838719231,-0.01785177380891123
2,0,0.36154657965649584,0.0,0,0.007536348838719231,0.0014561683300843287
3,3,0.0,0.0,0,0.007536348838719231,-0.4797592836065008
4,4,0.07174384718501314,0.0,0,0.007536348838719231,0.06529510942463435
5,5,0.0,0.0,0,0.007536348838719231,-0.06617640110509126
