,group,selectUtilLoss,orderUtilLoss,maxRankDrop,ndcgLoss,expGain
0,1,0.19155253780432102,0.0,0,0.006110490332276397,0.8061653485644419
1,2,0.3721491186493546,0.0,0,0.006110490332276397,1.0967966766082164
2,0,0.36154657965649584,0.0,0,0.006110490332276397,0.5537159172619889
3,3,0.0,0.0,0,0.006110490332276397,1.2073105189063293
4,4,0.07174384718501314,0.0,0,0.006110490332276397,0.8620404580360939
5,5,0.0,0.0,0,0.006110490332276397,0.48281325730395674
