,group,selectUtilLoss,orderUtilLoss,maxRankDrop,ndcgLoss,expGain
2,0,3.0545914838427133,3.5175690198642275,28,0.1698359183555639,-4.464314165724062
0,1,1.8211627810067688,2.704354279111933,4,0.1698359183555639,0.08186992674133053
1,2,1.3369801669995354,3.421439332995639,7,0.1698359183555639,0.5027141471805583
3,3,0.0,0.5538059533936748,1,0.1698359183555639,1.4904379245421628
4,4,0.17847607304646187,1.1779420821066486,0,0.1698359183555639,1.2631199507858457
5,5,0.3286787087786328,1.7646159063781868,0,0.1698359183555639,1.1261722164741665
