,group,selectUtilLoss_mean,selectUtilLoss_std,orderUtilLoss_mean,orderUtilLoss_std,maxRankDrop_mean,maxRankDrop_std,ndcgLoss_mean,ndcgLoss_std,kendallTau_mean,kendallTau_std,expGain_mean,expGain_std
0,0,3.1337404976783056,0.2464214713021365,3.3281801421921795,0.3637023579621509,26.2122,5.27901107744581,0.22649682501846854,0.04487368331709091,0.46874906122448984,0.08409169824538491,-4.702054537042812,0.7569825307324062
1,1,1.9890290699920599,0.43182062798707577,3.0026554060295494,0.8511912183706055,7.9109,6.714303342636352,0.22649682501846854,0.04487368331709091,0.46874906122448984,0.08409169824538491,-0.3100457065479918,0.7668087009650303
2,2,1.3818889526518257,0.5126798927806124,3.000093726583484,0.7612266850852385,11.8031,9.303815695113961,0.22649682501846854,0.04487368331709091,0.46874906122448984,0.08409169824538491,0.44636854324978786,0.7801340099903784
3,3,0.11929114534926996,0.37628472635225163,2.6515480862654224,0.9499138761354462,10.5447,8.761865037644315,0.22649682501846854,0.04487368331709091,0.46874906122448984,0.08409169824538491,1.0024099999076936,0.7671406299755287
4,4,0.20451428309027833,0.3027695885854891,1.2005235110208277,0.9031927126555306,1.6913,3.937455354091846,0.22649682501846854,0.04487368331709091,0.46874906122448984,0.08409169824538491,1.8206087705491707,0.7749294878640695
5,5,0.30537514093365126,0.3841598077469126,1.136867598655736,0.6792338096469981,0.0533,0.7550603430270731,0.22649682501846854,0.04487368331709091,0.46874906122448984,0.08409169824538491,1.7427129298841533,0.7711784826565551
