,group,selectUtilLoss,orderUtilLoss,maxRankDrop,ndcgLoss,kendallTau,expGain
2,0,3.1295160927255843,3.652221265073539,22,0.23145821355001617,0.35836734693877553,-4.576362748146893
0,1,2.2721241061697097,5.066953384687375,17,0.23145821355001617,0.35836734693877553,-1.09270012952735
1,2,1.4649174708467019,4.192597335742925,9,0.23145821355001617,0.35836734693877553,-0.136455814787926
3,3,0.0,1.0514184501251962,0,0.23145821355001617,0.35836734693877553,2.769846338019802
4,4,0.253400681929333,1.2313081950373728,0,0.23145821355001617,0.35836734693877553,1.2825860132182276
5,5,0.23078193207790024,2.1445402202889716,0,0.23145821355001617,0.35836734693877553,1.7530863412241413
