,group,selectUtilLoss,orderUtilLoss,maxRankDrop,ndcgLoss,kendallTau,expGain
2,0,0.9570558530887503,0.9188867127144575,1,0.05598110764484043,0.6636734693877551,0.8040818899376001
0,1,0.5569867150915329,0.5368418910051014,0,0.05598110764484043,0.6636734693877551,0.887152964107
1,2,2.7442905093183696,1.7642624884117568,15,0.05598110764484043,0.6636734693877551,-1.2427110713709968
3,3,0.0,2.5530913894804765,38,0.05598110764484043,0.6636734693877551,-0.37602360278561786
4,4,2.916758476935547,0.0,0,0.05598110764484043,0.6636734693877551,-0.3333333333333333
5,5,0.2010948228978946,0.28874247857219615,0,0.05598110764484043,0.6636734693877551,0.2608331534453492
