,group,selectUtilLoss,orderUtilLoss,maxRankDrop,ndcgLoss,expGain
2,0,0.28662197077362506,0.3364539040400629,4,0.00952004274037399,0.3682105713457453
0,1,0.0,0.3608397437236386,0,0.00952004274037399,0.30481894250569574
1,2,0.2951040019679121,1.2768991127066673,21,0.00952004274037399,-0.5364194402307696
3,3,0.0,1.3401609286973923,23,0.00952004274037399,-0.31649936964395353
4,4,0.0,0.6545300738258386,3,0.00952004274037399,-0.044268507015445435
5,5,0.0,0.0,0,0.00952004274037399,0.22415780303872734
