,group,selectUtilLoss,orderUtilLoss,maxRankDrop,ndcgLoss,kendallTau,expGain
2,0,0.3364539040400629,0.49690566079866527,2,0.042597470169048024,0.7387755102040816,1.0038819355300177
0,1,0.0,0.9125251893187407,1,0.042597470169048024,0.7387755102040816,0.3378932211183199
1,2,1.9328428583982182,2.073856627003244,32,0.042597470169048024,0.7387755102040816,-0.9277089632197929
3,3,2.1954324074546956,1.4617367091488447,14,0.042597470169048024,0.7387755102040816,-0.666207115567266
4,4,0.0,0.7237999952458511,2,0.042597470169048024,0.7387755102040816,-0.03230333766935212
5,5,0.0,0.0,0,0.042597470169048024,0.7387755102040816,0.2844442598080741
