,group,selectUtilLoss,orderUtilLoss,maxRankDrop,ndcgLoss,kendallTauLoss,expGain
2,0,0.3364539040400629,0.49690566079866527,2,0.04718159774656017,0.27591836734693886,1.1522136758601391
0,1,0.0,1.4147321196138356,2,0.04718159774656017,0.27591836734693886,0.22552068011688098
1,2,1.9328428583982182,2.0568925646146696,31,0.04718159774656017,0.27591836734693886,-0.9092441515720235
3,3,2.1954324074546956,1.7504791877210408,22,0.04718159774656017,0.27591836734693886,-0.7146697265600014
4,4,0.0,0.26718398262005216,0,0.04718159774656017,0.27591836734693886,0.0
5,5,0.0,0.0,0,0.04718159774656017,0.27591836734693886,0.24617952215500438
