,group,selectUtilLoss,orderUtilLoss,maxRankDrop,ndcgLoss,kendallTau,expGain
2,0,3.0545914838427133,3.570935132794952,28,0.16853988715120483,0.5118367346938776,-4.464314165724062
0,1,1.8211627810067688,2.704354279111933,4,0.16853988715120483,0.5118367346938776,0.08987026309683799
1,2,1.3369801669995354,3.421439332995639,6,0.16853988715120483,0.5118367346938776,0.5015339186828831
3,3,0.0,0.5538059533936748,1,0.16853988715120483,0.5118367346938776,1.4956119747813434
4,4,0.17847607304646187,1.2313081950373728,0,0.16853988715120483,0.5118367346938776,1.2581774908473102
5,5,0.3286787087786328,1.7646159063781868,0,0.16853988715120483,0.5118367346938776,1.1191205183156898
