,group,selectUtilLoss_mean,selectUtilLoss_std,orderUtilLoss_mean,orderUtilLoss_std,maxRankDrop_mean,maxRankDrop_std,ndcgLoss_mean,ndcgLoss_std,kendallTau_mean,kendallTau_std,expGain_mean,expGain_std
0,0,0.8474400546974139,0.47262687251971475,1.2895250402409235,0.5349644964583044,3.6829,3.6381961515459436,0.0675050761451009,0.020803627530884418,0.6476004897959183,0.09387137177017495,0.6400728407278555,1.0234953619615694
1,1,0.4894613000956081,0.48750844361281254,1.5975348414307067,0.8051948258534524,4.6484,4.8355677755121125,0.0675050761451009,0.020803627530884418,0.6476004897959183,0.09387137177017495,0.3654843164182538,0.8574886343005037
2,2,1.7732067549643373,1.1454489229396938,2.1461542447998543,0.809002894350098,24.6636,11.851686854120338,0.0675050761451009,0.020803627530884418,0.6476004897959183,0.09387137177017495,-0.8869297733559877,0.5081244702302812
3,3,1.7108180227178764,1.383047942427273,2.0281782737290555,0.9611065419006433,23.139,14.034214438916479,0.0675050761451009,0.020803627530884418,0.6476004897959183,0.09387137177017495,-0.5528045297426775,0.4304762320942047
4,4,0.7545800141452393,1.1148443019632208,1.1084745293598102,0.95143092928353,10.5456,12.712917936817135,0.0675050761451009,0.020803627530884418,0.6476004897959183,0.09387137177017495,0.0492646735126137,0.34912291732926853
5,5,0.34317400530451675,0.5150487904146918,0.45666902532076376,0.560014543826324,1.8012,4.342161212622079,0.0675050761451009,0.020803627530884418,0.6476004897959183,0.09387137177017495,0.3849124724399425,0.4957218134013285
