,group,selectUtilLoss,orderUtilLoss,maxRankDrop,ndcgLoss,kendallTau,expGain
2,0.0,0.0005795347813496797,0.0007981237935857919,0.0016,3.60202812036788e-05,0.00033346938775510204,0.0003421693624574431
0,0.0005,0.00047464032891366017,0.0009221381580056008,0.0022,3.60202812036788e-05,0.00033346938775510204,-2.8342037675773123e-05
1,0.001,0.000999607376246758,0.0012148742595984412,0.0129,3.60202812036788e-05,0.00033346938775510204,-0.0003323950291361288
3,0.0015,0.0009270506677389589,0.0005834223789803946,0.0063,3.60202812036788e-05,0.00033346938775510204,-0.0002744453097188117
4,0.002,0.00016805024303681714,0.0008971515077790972,0.0068,3.60202812036788e-05,0.00033346938775510204,0.00014070004561814916
5,0.0025,0.00033998808370434917,0.00032090351351720276,0.0,3.60202812036788e-05,0.00033346938775510204,0.00015231296845512167
