,group,selectUtilLoss,orderUtilLoss,maxRankDrop,ndcgLoss,expGain
2,0,1.4592627833838439,1.8918463742924965,13,0.012062684537821,-1.1631143086180344
0,1,1.326731045973105,1.5603403217824345,2,0.012062684537821,-0.14597624264932785
1,2,1.0712098562452002,1.2337821208023734,0,0.012062684537821,0.40207188254504733
3,3,0.0,0.0,0,0.012062684537821,0.37643251663014476
4,4,0.823817279745154,1.1779420821066486,0,0.012062684537821,0.3523515792003808
5,5,0.7520734325601408,1.2765456947402383,6,0.012062684537821,0.17823457289178568
