,group,selectUtilLoss,orderUtilLoss,maxRankDrop,ndcgLoss,kendallTauLoss,expGain
2,0,0.34069491963720666,0.6478151324636925,7,0.029995724250062028,0.27194087842805315,0.4847298892234875
0,1,0.11380058519002145,1.4147321196138356,2,0.029995724250062028,0.27194087842805315,0.3842538082811111
1,2,0.7644430613851427,2.0568925646146696,42,0.029995724250062028,0.27194087842805315,-0.8971017910327468
3,3,0.0,2.6149395336054884,59,0.029995724250062028,0.27194087842805315,-0.5503976765979511
4,4,0.0,0.26718398262005216,0,0.029995724250062028,0.27194087842805315,0.3302934106412187
5,5,0.0,0.0,0,0.029995724250062028,0.27194087842805315,0.24822235948487648
