,group,selectUtilLoss,orderUtilLoss,maxRankDrop,ndcgLoss,expGain
2,0,0.3322128884429194,0.34069491963720666,8,0.008232854284415336,0.3474727697652007
0,1,0.2576416975264768,0.3608397437236386,0,0.008232854284415336,-0.0049847397138851335
1,2,0.2537540998957619,1.2768991127066673,21,0.008232854284415336,-0.5257652338218708
3,3,0.0,1.3401609286973923,23,0.008232854284415336,-0.31649936964395353
4,4,0.0,0.6545300738258386,3,0.008232854284415336,0.2814910249396995
5,5,0.0,0.0,0,0.008232854284415336,0.21828554847480763
