,group,selectUtilLoss,orderUtilLoss,maxRankDrop,ndcgLoss,kendallTau,expGain
2,0,2.788821173088378,1.8409541871267723,5,0.01854172413362576,0.846530612244898,-0.8292080491633609
0,1,1.5553924702524335,1.5603403217824345,3,0.01854172413362576,0.846530612244898,0.008787008451920375
1,2,1.0712098562452002,0.4548489227936565,1,0.01854172413362576,0.846530612244898,0.23448493408747728
3,3,0.0,0.0,0,0.01854172413362576,0.846530612244898,0.38213826684931673
4,4,0.0,0.32514452911434666,0,0.01854172413362576,0.846530612244898,0.19656163223282258
5,5,0.06290839802429748,1.2765456947402383,5,0.01854172413362576,0.846530612244898,0.007236207541824913
